datetime,open,high,low,close,volume
2026-03-10T18:45:00+00:00,397.8399999999998,398.2599999999998,397.4399999999998,397.74999999999983,1931
2026-03-10T19:00:00+00:00,397.74999999999983,397.8799999999998,397.05999999999983,397.8299999999998,1729
2026-03-10T19:15:00+00:00,397.8299999999998,398.3199999999998,397.05999999999983,397.8999999999998,1608
2026-03-10T19:30:00+00:00,397.8999999999998,398.2099999999998,397.3899999999998,397.9599999999998,1791
2026-03-10T19:45:00+00:00,397.9599999999998,399.05999999999983,397.54999999999984,398.79999999999984,2728
2026-03-11T13:30:00+00:00,398.79999999999984,402.09999999999985,398.79999999999984,400.8899999999999,4860.874910106892
2026-03-11T13:45:00+00:00,400.8899999999999,401.74999999999983,399.86999999999983,400.6899999999998,5155.323791158984
2026-03-11T14:00:00+00:00,400.6899999999998,401.04999999999984,398.67999999999984,398.82999999999987,2031
2026-03-11T14:15:00+00:00,398.82999999999987,399.04999999999984,396.1299999999998,397.23999999999984,2172
2026-03-11T14:30:00+00:00,397.23999999999984,397.82999999999987,396.07999999999987,397.45999999999987,1978
2026-03-11T14:45:00+00:00,397.45999999999987,397.47999999999985,396.55999999999983,396.98999999999984,1837
2026-03-11T15:00:00+00:00,396.98999999999984,397.33999999999986,394.3899999999999,394.65999999999985,2122
2026-03-11T15:15:00+00:00,394.65999999999985,396.20999999999987,394.4499999999999,395.53999999999985,2044
2026-03-11T15:30:00+00:00,395.53999999999985,396.40999999999985,395.1399999999999,395.42999999999984,2141
2026-03-11T15:45:00+00:00,395.42999999999984,396.21999999999986,394.9499999999999,395.80999999999983,2021
2026-03-11T16:00:00+00:00,395.80999999999983,395.96999999999986,394.6999999999999,395.96999999999986,1790
2026-03-11T16:15:00+00:00,395.96999999999986,396.1299999999998,395.27999999999986,396.08999999999986,1765
2026-03-11T16:30:00+00:00,396.08999999999986,396.6299999999998,395.99999999999983,396.1299999999998,1514
2026-03-11T16:45:00+00:00,396.1299999999998,396.76999999999987,395.8199999999999,396.57999999999987,1527
2026-03-11T17:00:00+00:00,396.57999999999987,396.98999999999984,396.45999999999987,396.77999999999986,1369
2026-03-11T17:15:00+00:00,396.77999999999986,397.29999999999984,396.34999999999985,397.04999999999984,1334
2026-03-11T17:30:00+00:00,397.04999999999984,397.20999999999987,394.83999999999986,395.65999999999985,2002
2026-03-11T17:45:00+00:00,395.65999999999985,396.7599999999999,395.48999999999984,396.3199999999999,1568
2026-03-11T18:00:00+00:00,396.3199999999999,396.5699999999999,395.6299999999998,396.22999999999985,1479
2026-03-11T18:15:00+00:00,396.22999999999985,396.71999999999986,396.0099999999999,396.40999999999985,1373
2026-03-11T18:30:00+00:00,396.40999999999985,396.90999999999985,396.32999999999987,396.45999999999987,1334
2026-03-11T18:45:00+00:00,396.45999999999987,397.17999999999984,396.02999999999986,397.1399999999999,1367
2026-03-11T19:00:00+00:00,397.1399999999999,397.30999999999983,396.4499999999999,396.54999999999984,1367
2026-03-11T19:15:00+00:00,396.54999999999984,396.70999999999987,396.1299999999998,396.57999999999987,1206
2026-03-11T19:30:00+00:00,396.57999999999987,397.30999999999983,396.5699999999999,397.1999999999999,1090
2026-03-11T19:45:00+00:00,397.1999999999999,397.96999999999986,396.82999999999987,397.4399999999998,2131
2026-03-12T13:30:00+00:00,397.4399999999998,398.40999999999985,396.67999999999984,396.98999999999984,1544
2026-03-12T13:45:00+00:00,396.98999999999984,397.5099999999999,394.6399999999999,395.4399999999998,1831
2026-03-12T14:00:00+00:00,395.4399999999998,397.33999999999986,395.3799999999998,397.15999999999985,2315
2026-03-12T14:15:00+00:00,397.15999999999985,397.4399999999998,395.98999999999984,396.34999999999985,1957
2026-03-12T14:30:00+00:00,396.34999999999985,397.48999999999984,395.53999999999985,397.47999999999985,2178
2026-03-12T14:45:00+00:00,397.47999999999985,398.47999999999985,397.24999999999983,397.89999999999986,1945
2026-03-12T15:00:00+00:00,397.89999999999986,398.2599999999999,395.51999999999987,395.72999999999985,1850
2026-03-12T15:15:00+00:00,395.72999999999985,396.8799999999998,395.17999999999984,396.3899999999999,1770
2026-03-12T15:30:00+00:00,396.3899999999999,397.1299999999998,395.73999999999984,396.70999999999987,1617
2026-03-12T15:45:00+00:00,396.70999999999987,396.91999999999985,395.70999999999987,396.66999999999985,1622
2026-03-12T16:00:00+00:00,396.66999999999985,397.03999999999985,395.4499999999999,396.51999999999987,1574
2026-03-12T16:15:00+00:00,396.51999999999987,398.04999999999984,396.51999999999987,397.64999999999986,1809
2026-03-12T16:30:00+00:00,397.64999999999986,398.84999999999985,397.34999999999985,398.04999999999984,2074
2026-03-12T16:45:00+00:00,398.04999999999984,398.21999999999986,396.8799999999998,397.7599999999999,1558
2026-03-12T17:00:00+00:00,397.7599999999999,398.92999999999984,397.6399999999999,397.64999999999986,1694
2026-03-12T17:15:00+00:00,397.64999999999986,397.8899999999999,396.8799999999998,397.10999999999984,1580
2026-03-12T17:30:00+00:00,397.10999999999984,397.6399999999999,396.9399999999998,397.10999999999984,1521
2026-03-12T17:45:00+00:00,397.10999999999984,397.36999999999983,395.84999999999985,396.49999999999983,1443
2026-03-12T18:00:00+00:00,396.49999999999983,396.84999999999985,395.82999999999987,396.08999999999986,1561
2026-03-12T18:15:00+00:00,396.08999999999986,396.51999999999987,395.42999999999984,395.83999999999986,1399
2026-03-12T18:30:00+00:00,395.83999999999986,396.03999999999985,395.42999999999984,395.55999999999983,1237
2026-03-12T18:45:00+00:00,395.55999999999983,396.4499999999999,395.40999999999985,395.99999999999983,1311
2026-03-12T19:00:00+00:00,395.99999999999983,396.53999999999985,395.64999999999986,395.77999999999986,1279
2026-03-12T19:15:00+00:00,395.77999999999986,396.8899999999999,395.6999999999999,396.67999999999984,1347
2026-03-12T19:30:00+00:00,396.67999999999984,396.76999999999987,395.73999999999984,395.91999999999985,1340
2026-03-12T19:45:00+00:00,395.91999999999985,395.91999999999985,394.5099999999999,395.04999999999984,2441
2026-03-13T13:30:00+00:00,395.04999999999984,396.8799999999998,392.67999999999984,396.76999999999987,2014
2026-03-13T13:45:00+00:00,396.76999999999987,397.60999999999984,393.84999999999985,393.98999999999984,2013
2026-03-13T14:00:00+00:00,393.98999999999984,394.45999999999987,392.42999999999984,393.33999999999986,2205
2026-03-13T14:15:00+00:00,393.33999999999986,394.47999999999985,393.07999999999987,393.84999999999985,1876
2026-03-13T14:30:00+00:00,393.84999999999985,395.34999999999985,393.80999999999983,394.10999999999984,2072
2026-03-13T14:45:00+00:00,394.10999999999984,394.10999999999984,391.6399999999999,391.67999999999984,2138
2026-03-13T15:00:00+00:00,391.67999999999984,392.01999999999987,390.6299999999998,391.64999999999986,2152
2026-03-13T15:15:00+00:00,391.64999999999986,391.8199999999999,390.34999999999985,390.6399999999999,1741
2026-03-13T15:30:00+00:00,390.6399999999999,390.96999999999986,389.0699999999999,389.26999999999987,1898
2026-03-13T15:45:00+00:00,389.26999999999987,389.85999999999984,388.22999999999985,388.30999999999983,2085
2026-03-13T16:00:00+00:00,388.30999999999983,389.1999999999999,388.23999999999984,388.85999999999984,2042
2026-03-13T16:15:00+00:00,388.85999999999984,389.5699999999999,388.49999999999983,389.26999999999987,1751
2026-03-13T16:30:00+00:00,389.26999999999987,389.48999999999984,388.36999999999983,388.52999999999986,1840
2026-03-13T16:45:00+00:00,388.52999999999986,389.30999999999983,387.72999999999985,387.83999999999986,1807
2026-03-13T17:00:00+00:00,387.83999999999986,388.83999999999986,387.82999999999987,388.83999999999986,1473
2026-03-13T17:15:00+00:00,388.83999999999986,389.59999999999985,388.52999999999986,389.34999999999985,1470
2026-03-13T17:30:00+00:00,389.34999999999985,389.57999999999987,388.90999999999985,389.23999999999984,1404
2026-03-13T17:45:00+00:00,389.23999999999984,389.39999999999986,387.97999999999985,389.39999999999986,1650
2026-03-13T18:00:00+00:00,389.39999999999986,390.16999999999985,388.98999999999984,389.6899999999998,1657
2026-03-13T18:15:00+00:00,389.6899999999998,389.80999999999983,388.32999999999987,388.84999999999985,1505
2026-03-13T18:30:00+00:00,388.84999999999985,389.40999999999985,388.4499999999999,388.6299999999998,1400
2026-03-13T18:45:00+00:00,388.6299999999998,389.05999999999983,388.42999999999984,388.57999999999987,1240
2026-03-13T19:00:00+00:00,388.57999999999987,388.6399999999999,387.78999999999985,388.05999999999983,1192
2026-03-13T19:15:00+00:00,388.05999999999983,388.5099999999999,387.32999999999987,387.35999999999984,1334
2026-03-13T19:30:00+00:00,387.35999999999984,387.99999999999983,387.35999999999984,387.66999999999985,1283
2026-03-13T19:45:00+00:00,387.66999999999985,388.59999999999985,387.20999999999987,388.1899999999998,2102
2026-03-16T13:30:00+00:00,388.1899999999998,388.1899999999998,385.67999999999984,385.9499999999998,1874.0107388135339
2026-03-16T13:45:00+00:00,385.9499999999998,387.2499999999999,385.49999999999983,385.79999999999984,1763.3285516056699
2026-03-16T14:00:00+00:00,385.79999999999984,388.1699999999999,385.52999999999986,388.0999999999999,1709.7194967858788
2026-03-16T14:15:00+00:00,388.0999999999999,391.30999999999995,387.62999999999994,390.60999999999996,1727.216381130184
2026-03-16T14:30:00+00:00,390.60999999999996,391.05999999999995,389.80999999999995,390.41999999999996,2569
2026-03-16T14:45:00+00:00,390.41999999999996,391.03999999999996,389.42999999999995,391.03999999999996,2252
2026-03-16T15:00:00+00:00,391.03999999999996,391.3299999999999,389.56999999999994,390.8999999999999,1842
2026-03-16T15:15:00+00:00,390.8999999999999,391.28999999999996,390.38999999999993,390.98999999999995,2111
2026-03-16T15:30:00+00:00,390.98999999999995,391.8499999999999,390.88999999999993,391.5199999999999,2069
2026-03-16T15:45:00+00:00,391.5199999999999,391.94999999999993,391.3299999999999,391.4599999999999,2182
2026-03-16T16:00:00+00:00,391.4599999999999,392.5999999999999,391.44999999999993,392.48999999999995,2269
2026-03-16T16:15:00+00:00,392.48999999999995,392.87999999999994,391.12999999999994,391.2099999999999,2276
2026-03-16T16:30:00+00:00,391.2099999999999,392.5999999999999,390.9099999999999,392.38999999999993,2157
2026-03-16T16:45:00+00:00,392.38999999999993,392.7199999999999,392.11999999999995,392.22999999999996,2201
2026-03-16T17:00:00+00:00,392.22999999999996,392.75999999999993,392.04999999999995,392.5199999999999,2320
2026-03-16T17:15:00+00:00,392.5199999999999,392.72999999999996,392.0199999999999,392.0999999999999,1826
2026-03-16T17:30:00+00:00,392.0999999999999,392.11999999999995,391.60999999999996,391.7799999999999,1674
2026-03-16T17:45:00+00:00,391.7799999999999,392.03999999999996,390.92999999999995,391.4699999999999,1680
2026-03-16T18:00:00+00:00,391.4699999999999,392.4699999999999,391.3999999999999,392.36999999999995,1724
2026-03-16T18:15:00+00:00,392.36999999999995,392.7799999999999,392.1499999999999,392.2099999999999,1864
2026-03-16T18:30:00+00:00,392.2099999999999,393.86999999999995,391.93999999999994,393.66999999999996,1880
2026-03-16T18:45:00+00:00,393.66999999999996,393.73999999999995,393.16999999999996,393.4099999999999,1651
2026-03-16T19:00:00+00:00,393.4099999999999,393.49999999999994,392.54999999999995,393.0899999999999,2468
2026-03-16T19:15:00+00:00,393.0899999999999,393.5199999999999,392.2699999999999,393.0899999999999,2499
2026-03-16T19:30:00+00:00,393.0899999999999,393.3399999999999,392.0199999999999,392.29999999999995,2111
2026-03-16T19:45:00+00:00,392.29999999999995,393.3499999999999,392.29999999999995,393.17999999999995,3183
2026-03-17T13:30:00+00:00,393.17999999999995,395.8399999999999,392.5999999999999,394.7699999999999,2431
2026-03-17T13:45:00+00:00,394.7699999999999,397.6499999999999,394.7699999999999,395.0799999999999,2775
2026-03-17T14:00:00+00:00,395.0799999999999,395.25999999999993,392.81999999999994,392.8299999999999,2584
2026-03-17T14:15:00+00:00,392.8299999999999,393.99999999999994,392.06999999999994,393.6499999999999,2431
2026-03-17T14:30:00+00:00,393.6499999999999,393.80999999999995,392.3999999999999,392.88999999999993,2525
2026-03-17T14:45:00+00:00,392.88999999999993,393.44999999999993,392.4599999999999,393.12999999999994,2156
2026-03-17T15:00:00+00:00,393.12999999999994,393.5299999999999,391.7099999999999,391.92999999999995,2575
2026-03-17T15:15:00+00:00,391.92999999999995,392.9699999999999,391.9099999999999,392.35999999999996,2120
2026-03-17T15:30:00+00:00,392.35999999999996,392.8399999999999,391.0299999999999,391.8999999999999,2263
2026-03-17T15:45:00+00:00,391.8999999999999,392.44999999999993,391.61999999999995,392.11999999999995,2186
2026-03-17T16:00:00+00:00,392.11999999999995,392.29999999999995,391.36999999999995,391.3999999999999,2304
2026-03-17T16:15:00+00:00,391.3999999999999,392.38999999999993,391.3999999999999,391.8299999999999,2054
2026-03-17T16:30:00+00:00,391.8299999999999,393.2699999999999,391.7699999999999,393.2199999999999,1996
2026-03-17T16:45:00+00:00,393.2199999999999,393.28999999999996,392.5999999999999,392.92999999999995,1802
2026-03-17T17:00:00+00:00,392.92999999999995,393.62999999999994,392.7699999999999,392.98999999999995,1678
2026-03-17T17:15:00+00:00,392.98999999999995,393.16999999999996,392.49999999999994,393.04999999999995,1465
2026-03-17T17:30:00+00:00,393.04999999999995,393.22999999999996,392.5799999999999,392.5799999999999,1382
2026-03-17T17:45:00+00:00,392.5799999999999,392.79999999999995,392.0999999999999,392.60999999999996,1512
2026-03-17T18:00:00+00:00,392.60999999999996,392.6499999999999,392.10999999999996,392.12999999999994,1352
2026-03-17T18:15:00+00:00,392.12999999999994,392.5199999999999,391.93999999999994,392.00999999999993,1539
2026-03-17T18:30:00+00:00,392.00999999999993,392.43999999999994,391.73999999999995,391.98999999999995,1717
2026-03-17T18:45:00+00:00,391.98999999999995,392.41999999999996,391.9699999999999,392.0899999999999,1487
2026-03-17T19:00:00+00:00,392.0899999999999,392.36999999999995,391.80999999999995,392.36999999999995,1577
2026-03-17T19:15:00+00:00,392.36999999999995,392.6499999999999,391.8999999999999,392.0999999999999,1368
2026-03-17T19:30:00+00:00,392.0999999999999,392.4599999999999,391.99999999999994,392.2199999999999,1490
2026-03-17T19:45:00+00:00,392.2199999999999,393.0299999999999,392.2199999999999,393.0299999999999,2833
2026-03-18T13:30:00+00:00,393.0299999999999,393.0299999999999,388.42999999999995,390.44999999999993,2980
2026-03-18T13:45:00+00:00,390.44999999999993,391.2799999999999,390.17999999999995,391.19999999999993,2771
2026-03-18T14:00:00+00:00,391.19999999999993,391.28999999999996,389.6499999999999,389.6499999999999,2640
2026-03-18T14:15:00+00:00,389.6499999999999,389.94999999999993,387.7199999999999,387.88999999999993,2725
2026-03-18T14:30:00+00:00,387.88999999999993,388.80999999999995,387.79999999999995,388.2199999999999,2601
2026-03-18T14:45:00+00:00,388.2199999999999,388.69999999999993,387.60999999999996,388.50999999999993,2243
2026-03-18T15:00:00+00:00,388.50999999999993,389.16999999999996,388.31999999999994,388.66999999999996,2689
2026-03-18T15:15:00+00:00,388.66999999999996,389.29999999999995,388.36999999999995,389.00999999999993,2794
2026-03-18T15:30:00+00:00,389.00999999999993,389.41999999999996,388.29999999999995,388.6499999999999,2065
2026-03-18T15:45:00+00:00,388.6499999999999,388.81999999999994,388.17999999999995,388.23999999999995,2168
2026-03-18T16:00:00+00:00,388.23999999999995,388.42999999999995,387.85999999999996,388.19999999999993,1947
2026-03-18T16:15:00+00:00,388.19999999999993,388.2199999999999,386.9699999999999,387.0899999999999,2258
2026-03-18T16:30:00+00:00,387.0899999999999,387.2699999999999,386.19999999999993,386.54999999999995,2174
2026-03-18T16:45:00+00:00,386.54999999999995,387.0899999999999,386.3999999999999,386.69999999999993,2135
2026-03-18T17:00:00+00:00,386.69999999999993,386.7199999999999,385.8399999999999,385.9599999999999,2164
2026-03-18T17:15:00+00:00,385.9599999999999,386.29999999999995,385.69999999999993,386.00999999999993,1614
2026-03-18T17:30:00+00:00,386.00999999999993,387.0799999999999,385.80999999999995,386.91999999999996,1944
2026-03-18T17:45:00+00:00,386.91999999999996,388.0299999999999,386.91999999999996,387.6499999999999,1969
2026-03-18T18:00:00+00:00,387.6499999999999,388.2799999999999,386.60999999999996,386.9099999999999,2220
2026-03-18T18:15:00+00:00,386.9099999999999,387.0299999999999,386.3299999999999,386.8999999999999,2049
2026-03-18T18:30:00+00:00,386.8999999999999,387.0799999999999,385.94999999999993,386.22999999999996,3108
2026-03-18T18:45:00+00:00,386.22999999999996,386.3499999999999,384.99999999999994,385.19999999999993,2795
2026-03-18T19:00:00+00:00,385.19999999999993,386.12999999999994,385.0999999999999,385.66999999999996,2805
2026-03-18T19:15:00+00:00,385.66999999999996,385.98999999999995,385.3499999999999,385.5899999999999,2657
2026-03-18T19:30:00+00:00,385.5899999999999,385.74999999999994,384.3999999999999,384.49999999999994,2496
2026-03-18T19:45:00+00:00,384.49999999999994,385.50999999999993,384.29999999999995,384.91999999999996,3094
2026-03-19T13:30:00+00:00,384.91999999999996,385.74999999999994,381.29999999999995,385.0799999999999,2913
2026-03-19T13:45:00+00:00,385.0799999999999,385.0999999999999,383.31999999999994,383.31999999999994,2378
2026-03-19T14:00:00+00:00,383.31999999999994,384.35999999999996,382.37999999999994,382.50999999999993,2734
2026-03-19T14:15:00+00:00,382.50999999999993,382.55999999999995,381.5999999999999,381.99999999999994,2344
2026-03-19T14:30:00+00:00,381.99999999999994,383.68999999999994,381.91999999999996,382.72999999999996,2579
2026-03-19T14:45:00+00:00,382.72999999999996,383.62999999999994,382.50999999999993,383.31999999999994,2035
2026-03-19T15:00:00+00:00,383.31999999999994,384.48999999999995,383.04999999999995,384.35999999999996,1962
2026-03-19T15:15:00+00:00,384.35999999999996,384.41999999999996,382.25999999999993,382.55999999999995,1979
2026-03-19T15:30:00+00:00,382.55999999999995,382.9099999999999,382.0999999999999,382.12999999999994,1863
2026-03-19T15:45:00+00:00,382.12999999999994,382.94999999999993,381.97999999999996,382.86999999999995,1746
2026-03-19T16:00:00+00:00,382.86999999999995,383.3999999999999,382.49999999999994,382.62999999999994,2057
2026-03-19T16:15:00+00:00,382.62999999999994,382.78999999999996,382.18999999999994,382.22999999999996,1981
2026-03-19T16:30:00+00:00,382.22999999999996,382.48999999999995,381.80999999999995,382.30999999999995,1585
2026-03-19T16:45:00+00:00,382.30999999999995,382.3499999999999,381.50999999999993,381.7199999999999,1526
2026-03-19T17:00:00+00:00,381.7199999999999,381.8999999999999,380.80999999999995,381.11999999999995,1637
2026-03-19T17:15:00+00:00,381.11999999999995,381.54999999999995,380.8999999999999,381.2199999999999,1668
2026-03-19T17:30:00+00:00,381.2199999999999,381.61999999999995,380.8499999999999,380.9099999999999,1371
2026-03-19T17:45:00+00:00,380.9099999999999,381.48999999999995,380.78999999999996,381.1599999999999,1430
2026-03-19T18:00:00+00:00,381.1599999999999,381.7699999999999,380.8499999999999,381.49999999999994,1833
2026-03-19T18:15:00+00:00,381.49999999999994,381.61999999999995,380.8999999999999,380.91999999999996,1588
2026-03-19T18:30:00+00:00,380.91999999999996,381.24999999999994,380.35999999999996,381.11999999999995,1675
2026-03-19T18:45:00+00:00,381.11999999999995,381.93999999999994,380.5999999999999,381.5199999999999,1572
2026-03-19T19:00:00+00:00,381.5199999999999,383.62999999999994,381.50999999999993,382.78999999999996,2624
2026-03-19T19:15:00+00:00,382.78999999999996,383.2799999999999,381.36999999999995,381.63999999999993,1979
2026-03-19T19:30:00+00:00,381.63999999999993,382.18999999999994,381.06999999999994,381.9099999999999,2067
2026-03-19T19:45:00+00:00,381.9099999999999,382.73999999999995,381.30999999999995,382.06999999999994,2785
2026-03-20T13:30:00+00:00,382.06999999999994,382.06999999999994,376.7099999999999,377.28999999999996,3143
2026-03-20T13:45:00+00:00,377.28999999999996,377.87999999999994,375.67999999999995,375.9699999999999,2894
2026-03-20T14:00:00+00:00,375.9699999999999,377.5799999999999,375.54999999999995,377.43999999999994,2718
2026-03-20T14:15:00+00:00,377.43999999999994,378.9699999999999,377.29999999999995,378.87999999999994,2534
2026-03-20T14:30:00+00:00,378.87999999999994,379.1499999999999,377.35999999999996,377.41999999999996,2525
2026-03-20T14:45:00+00:00,377.41999999999996,378.3499999999999,377.3499999999999,377.55999999999995,2146
2026-03-20T15:00:00+00:00,377.55999999999995,378.1599999999999,376.80999999999995,377.24999999999994,2221
2026-03-20T15:15:00+00:00,377.24999999999994,377.36999999999995,375.91999999999996,376.67999999999995,2508
2026-03-20T15:30:00+00:00,376.67999999999995,377.73999999999995,376.47999999999996,377.6499999999999,2157
2026-03-20T15:45:00+00:00,377.6499999999999,377.73999999999995,376.94999999999993,377.5299999999999,1792
2026-03-20T16:00:00+00:00,377.5299999999999,378.60999999999996,377.3999999999999,378.41999999999996,1806
2026-03-20T16:15:00+00:00,378.41999999999996,378.60999999999996,377.8499999999999,377.86999999999995,1671
2026-03-20T16:30:00+00:00,377.86999999999995,377.92999999999995,376.5199999999999,376.7199999999999,1814
2026-03-20T16:45:00+00:00,376.7199999999999,377.43999999999994,376.41999999999996,376.74999999999994,1515
2026-03-20T17:00:00+00:00,376.74999999999994,377.03999999999996,376.11999999999995,376.68999999999994,1911
2026-03-20T17:15:00+00:00,376.68999999999994,377.10999999999996,376.4599999999999,376.61999999999995,1641
2026-03-20T17:30:00+00:00,376.61999999999995,376.8499999999999,375.61999999999995,376.28999999999996,1789
2026-03-20T17:45:00+00:00,376.28999999999996,376.73999999999995,376.18999999999994,376.3999999999999,1348
2026-03-20T18:00:00+00:00,376.3999999999999,376.85999999999996,375.9599999999999,376.05999999999995,1609
2026-03-20T18:15:00+00:00,376.05999999999995,376.30999999999995,375.3299999999999,375.75999999999993,1919
2026-03-20T18:30:00+00:00,375.75999999999993,375.79999999999995,374.9599999999999,375.11999999999995,1810
2026-03-20T18:45:00+00:00,375.11999999999995,375.28999999999996,374.69999999999993,375.11999999999995,1579
2026-03-20T19:00:00+00:00,375.11999999999995,375.36999999999995,374.74999999999994,374.85999999999996,1727
2026-03-20T19:15:00+00:00,374.85999999999996,375.47999999999996,374.5999999999999,375.36999999999995,1736
2026-03-20T19:30:00+00:00,375.36999999999995,375.6599999999999,373.4099999999999,374.12999999999994,2209
2026-03-20T19:45:00+00:00,374.12999999999994,375.28999999999996,373.69999999999993,375.0999999999999,2927
2026-03-23T13:30:00+00:00,375.0999999999999,378.7499999999999,374.85999999999996,375.8999999999999,2130.889816182139
2026-03-23T13:45:00+00:00,375.8999999999999,377.4099999999999,375.62999999999994,376.95,2071.412484218338
2026-03-23T14:00:00+00:00,376.95,381.71,376.49999999999994,381.67,2658.0243828179446
2026-03-23T14:15:00+00:00,381.67,382.2,380.12,380.58,2471
2026-03-23T14:30:00+00:00,380.58,381.02,380.17,380.45,2403
2026-03-23T14:45:00+00:00,380.45,381.03,380.06,380.71,2299
2026-03-23T15:00:00+00:00,380.71,382.24,380.34,382.01,2265
2026-03-23T15:15:00+00:00,382.01,382.27,380.64,381.81,2225
2026-03-23T15:30:00+00:00,381.81,382,379.64,379.96999999999997,2425
2026-03-23T15:45:00+00:00,379.96999999999997,380,377.64,378.49,2692
2026-03-23T16:00:00+00:00,378.49,380.09,378.40999999999997,379.79,2744
2026-03-23T16:15:00+00:00,379.79,379.89,377.45,377.46,2520
2026-03-23T16:30:00+00:00,377.46,378.40999999999997,377.45,378.12,2114
2026-03-23T16:45:00+00:00,378.12,378.68,377.39,377.6,2104
2026-03-23T17:00:00+00:00,377.6,378.31,377.26,377.26,2128
2026-03-23T17:15:00+00:00,377.26,377.67,376.79,377.42,2023
2026-03-23T17:30:00+00:00,377.42,379.12,377.32,378.01,2112
2026-03-23T17:45:00+00:00,378.01,378.44,377.65,378.24,1614
2026-03-23T18:00:00+00:00,378.24,378.59,377.38,378.14,1933
2026-03-23T18:15:00+00:00,378.14,378.28,377.40999999999997,377.5,1770
2026-03-23T18:30:00+00:00,377.5,378.71,377.46,377.79,2107
2026-03-23T18:45:00+00:00,377.79,378.65999999999997,377.61,378.40999999999997,1423
2026-03-23T19:00:00+00:00,378.40999999999997,378.48,377.69,377.92,1393
2026-03-23T19:15:00+00:00,377.92,378.54,377.86,378.06,1443
2026-03-23T19:30:00+00:00,378.06,378.87,377.96999999999997,378.86,1328
2026-03-23T19:45:00+00:00,378.86,379.18,377.69,378.33,3229
2026-03-24T13:30:00+00:00,378.33,378.33,370.71999999999997,371.13,3566
2026-03-24T13:45:00+00:00,371.13,372.7,370.32,370.54,2799
2026-03-24T14:00:00+00:00,370.54,371.24,367.83,368.11,3596
2026-03-24T14:15:00+00:00,368.11,368.6,367.52,367.9,3676
2026-03-24T14:30:00+00:00,367.9,370.09,367.38,369.82,3184
2026-03-24T14:45:00+00:00,369.82,371.23,367.65,368.21,3309
2026-03-24T15:00:00+00:00,368.21,369.45,368.12,368.89,2615
2026-03-24T15:15:00+00:00,368.89,369.08,368.12,368.56,2433
2026-03-24T15:30:00+00:00,368.56,369.34,368.45,368.75,2047
2026-03-24T15:45:00+00:00,368.75,369.31,367.73,367.76,2001
2026-03-24T16:00:00+00:00,367.76,367.96999999999997,367.24,367.85,2190
2026-03-24T16:15:00+00:00,367.85,369.19,367.81,368.96,1775
2026-03-24T16:30:00+00:00,368.96,369.32,367.79,368.55,1941
2026-03-24T16:45:00+00:00,368.55,369.05,368.26,368.71999999999997,1680
2026-03-24T17:00:00+00:00,368.71999999999997,368.86,367.13,367.81,1936
2026-03-24T17:15:00+00:00,367.81,367.96,366.94,367.85,2244
2026-03-24T17:30:00+00:00,367.85,368.38,367.49,367.69,1747
2026-03-24T17:45:00+00:00,367.69,368.69,367.56,368.28,2131
2026-03-24T18:00:00+00:00,368.28,369.14,368.17,368.96999999999997,1776
2026-03-24T18:15:00+00:00,368.96999999999997,369.3,368.45,369.02,1956
2026-03-24T18:30:00+00:00,369.02,370.54,368.82,369.36,2224
2026-03-24T18:45:00+00:00,369.36,369.40999999999997,368.29,368.55,1678
2026-03-24T19:00:00+00:00,368.55,369.51,368.53,369.46,1606
2026-03-24T19:15:00+00:00,369.46,369.69,368.86,369.07,1714
2026-03-24T19:30:00+00:00,369.07,369.34,368.29,368.71,1910
2026-03-24T19:45:00+00:00,368.71,368.71999999999997,367.11,367.71,3338
2026-03-25T13:30:00+00:00,367.71,371.85,367.71,368.8,2427
2026-03-25T13:45:00+00:00,368.8,369.64,368.27,368.46999999999997,2653
2026-03-25T14:00:00+00:00,368.46999999999997,369.3,367.74,369.27,2652
2026-03-25T14:15:00+00:00,369.27,369.46,368.24,368.85,2236
2026-03-25T14:30:00+00:00,368.85,369.27,368.33,368.38,2150
2026-03-25T14:45:00+00:00,368.38,368.85,367.81,368.31,2160
2026-03-25T15:00:00+00:00,368.31,368.54,365.56,365.57,2185
2026-03-25T15:15:00+00:00,365.57,366.52,364.83,366.51,2266
2026-03-25T15:30:00+00:00,366.51,366.65999999999997,365.15999999999997,365.44,1835
2026-03-25T15:45:00+00:00,365.44,365.82,365.07,365.5,2017
2026-03-25T16:00:00+00:00,365.5,365.65,365.07,365.38,1881
2026-03-25T16:15:00+00:00,365.38,366.21999999999997,365.36,365.94,1910
2026-03-25T16:30:00+00:00,365.94,366.65999999999997,365.76,366.39,1468
2026-03-25T16:45:00+00:00,366.39,366.48,365.83,366.11,1134
2026-03-25T17:00:00+00:00,366.11,366.29,365.52,365.90999999999997,1364
2026-03-25T17:15:00+00:00,365.90999999999997,366.75,365.65999999999997,366.44,1465
2026-03-25T17:30:00+00:00,366.44,366.57,365.96,366.15,1470
2026-03-25T17:45:00+00:00,366.15,366.42,365.62,366.1,1529
2026-03-25T18:00:00+00:00,366.1,366.19,365.51,365.83,1192
2026-03-25T18:15:00+00:00,365.83,365.88,365.09,365.13,1314
2026-03-25T18:30:00+00:00,365.13,365.65,365.1,365.5,1491
2026-03-25T18:45:00+00:00,365.5,365.6,364.73,365.37,1430
2026-03-25T19:00:00+00:00,365.37,365.38,364.74,365.13,1313
2026-03-25T19:15:00+00:00,365.13,365.83,365.05,365.49,1091
2026-03-25T19:30:00+00:00,365.49,365.75,365.13,365.54,1243
2026-03-25T19:45:00+00:00,365.54,366.42,365.51,366.07,2233
2026-03-26T13:30:00+00:00,366.07,367.68,364.37,367.26,2570
2026-03-26T13:45:00+00:00,367.26,368.89,366.33,368.71999999999997,2872
2026-03-26T14:00:00+00:00,368.71999999999997,369.8,367.37,367.65,2531
2026-03-26T14:15:00+00:00,367.65,367.75,366.82,367.03,2178
2026-03-26T14:30:00+00:00,367.03,367.46,365.82,366.12,2633
2026-03-26T14:45:00+00:00,366.12,366.82,365.61,366.35,2654
2026-03-26T15:00:00+00:00,366.35,366.64,365.1,365.2,2306
2026-03-26T15:15:00+00:00,365.2,365.57,364.69,365.08,1900
2026-03-26T15:30:00+00:00,365.08,365.17,363.13,363.35,2446
2026-03-26T15:45:00+00:00,363.35,364.17,362.85,363.08,2181
2026-03-26T16:00:00+00:00,363.08,363.46999999999997,362.82,362.90999999999997,1538
2026-03-26T16:15:00+00:00,362.90999999999997,363.13,362.15999999999997,362.52,1800
2026-03-26T16:30:00+00:00,362.52,363.15999999999997,362.13,363.11,1661
2026-03-26T16:45:00+00:00,363.11,363.65999999999997,363.01,363.26,1674
2026-03-26T17:00:00+00:00,363.26,363.48,362.88,362.98,1655
2026-03-26T17:15:00+00:00,362.98,363.61,362.81,363.51,1702
2026-03-26T17:30:00+00:00,363.51,363.75,362.14,362.32,1583
2026-03-26T17:45:00+00:00,362.32,362.49,361.65999999999997,361.96999999999997,1724
2026-03-26T18:00:00+00:00,361.96999999999997,362.53,361.87,362.40999999999997,1503
2026-03-26T18:15:00+00:00,362.40999999999997,362.52,361.5,361.51,1502
2026-03-26T18:30:00+00:00,361.51,361.7,361.11,361.29,1666
2026-03-26T18:45:00+00:00,361.29,361.81,361.14,361.75,1651
2026-03-26T19:00:00+00:00,361.75,361.87,360.83,360.92,1582
2026-03-26T19:15:00+00:00,360.92,361.03,360.32,360.68,1595
2026-03-26T19:30:00+00:00,360.68,361.21,360.3,361.06,2104
2026-03-26T19:45:00+00:00,361.06,361.45,360.37,360.96,3424
2026-03-27T13:30:00+00:00,360.96,360.96,353.96999999999997,354.12,4168
2026-03-27T13:45:00+00:00,354.12,355.09,352.54,352.55,4094
2026-03-27T14:00:00+00:00,352.55,353.34,351.69,352.65999999999997,4173
2026-03-27T14:15:00+00:00,352.65999999999997,353.64,352.65,353.38,3917
2026-03-27T14:30:00+00:00,353.38,355.07,353.36,355.07,3583
2026-03-27T14:45:00+00:00,355.07,355.52,354.35,354.96,3304
2026-03-27T15:00:00+00:00,354.96,355.53,354.73,355.44,2910
2026-03-27T15:15:00+00:00,355.44,355.90999999999997,354.39,355.42,3479
2026-03-27T15:30:00+00:00,355.42,356.06,354.21,354.68,3045
2026-03-27T15:45:00+00:00,354.68,355.62,354.65,355.31,2656
2026-03-27T16:00:00+00:00,355.31,355.8,354.81,355.17,2554
2026-03-27T16:15:00+00:00,355.17,355.65999999999997,354.85,355.08,2397
2026-03-27T16:30:00+00:00,355.08,355.21999999999997,354.3,354.71,2271
2026-03-27T16:45:00+00:00,354.71,355.17,354.45,354.79,2244
2026-03-27T17:00:00+00:00,354.79,355.15,354.19,354.43,2769
2026-03-27T17:15:00+00:00,354.43,354.44,353.84,354.04,2270
2026-03-27T17:30:00+00:00,354.04,354.53,353.93,354.04,2329
2026-03-27T17:45:00+00:00,354.04,354.3,353.52000000000004,353.91,2043.9691025012262
2026-03-27T18:00:00+00:00,353.91,354.07000000000005,353.27000000000004,353.72,1994
2026-03-27T18:15:00+00:00,353.72,354.01000000000005,353.37,353.8,2231
2026-03-27T18:30:00+00:00,353.8,354.39000000000004,353.71000000000004,353.76000000000005,2030
2026-03-27T18:45:00+00:00,353.76000000000005,353.78000000000003,352.63000000000005,352.85,2073
2026-03-27T19:00:00+00:00,352.85,353.07000000000005,351.96000000000004,352.14000000000004,1908
2026-03-27T19:15:00+00:00,352.14000000000004,352.95000000000005,352.07000000000005,352.55,2198
2026-03-27T19:30:00+00:00,352.55,352.89000000000004,351.69000000000005,352.14000000000004,2405
2026-03-27T19:45:00+00:00,352.14000000000004,352.72,351.58000000000004,351.89000000000004,3294
2026-03-30T13:30:00+00:00,351.89000000000004,354.45,348.40000000000003,353.39,2788.1486403920007
2026-03-30T13:45:00+00:00,353.39,354.81,353.03000000000003,354.05,3528
2026-03-30T14:00:00+00:00,354.05,354.8,353.24,354.29,3354
2026-03-30T14:15:00+00:00,354.29,356.15000000000003,353.97,355.97,3280
2026-03-30T14:30:00+00:00,355.97,357.66,355.89,357.22,3824
2026-03-30T14:45:00+00:00,357.22,358.81,356.93,358.44,4096
2026-03-30T15:00:00+00:00,358.44,358.83,356.27000000000004,356.44,3334
2026-03-30T15:15:00+00:00,356.44,356.95,356.16,356.51,2737
2026-03-30T15:30:00+00:00,356.51,358.02000000000004,356.25,357.85,2454
2026-03-30T15:45:00+00:00,357.85,358.7,356.89,357.19,2495
2026-03-30T16:00:00+00:00,357.19,357.27000000000004,356.33,356.74,2298
2026-03-30T16:15:00+00:00,356.74,356.78000000000003,355.52000000000004,355.54,2044
2026-03-30T16:30:00+00:00,355.54,355.55,354.47,354.47,2280
2026-03-30T16:45:00+00:00,354.47,355.8,354.38,354.85,2191
2026-03-30T17:00:00+00:00,354.85,355.27000000000004,353.74,353.75,2127
2026-03-30T17:15:00+00:00,353.75,354.07,352.63,353.22,2380
2026-03-30T17:30:00+00:00,353.22,353.41,351.63,353.37,2136
2026-03-30T17:45:00+00:00,353.37,353.52000000000004,352.24,352.62,2090
2026-03-30T18:00:00+00:00,352.62,352.77000000000004,351.34000000000003,351.49,2461
2026-03-30T18:15:00+00:00,351.49,352.93,351.34000000000003,351.40000000000003,2268
2026-03-30T18:30:00+00:00,351.40000000000003,353.69,351.34000000000003,353.1,2307
2026-03-30T18:45:00+00:00,353.1,353.34000000000003,350.37,350.8,2309
2026-03-30T19:00:00+00:00,350.8,351.04,349.79,349.91,2530
2026-03-30T19:15:00+00:00,349.91,350.86,349.90000000000003,350.38,2520
2026-03-30T19:30:00+00:00,350.38,352.16,350.25,351.98,2415
2026-03-30T19:45:00+00:00,351.98,353.12,351.94,352.61,3887
2026-03-31T13:30:00+00:00,352.61,360.88,352.61,359.48,3540
2026-03-31T13:45:00+00:00,359.48,361.63,359.45,360.54,3682
2026-03-31T14:00:00+00:00,360.54,360.97,359.97,360.51,3504
2026-03-31T14:15:00+00:00,360.51,360.69,358.87,358.97,3050
2026-03-31T14:30:00+00:00,358.97,359.06,357.91,358.35,3061
2026-03-31T14:45:00+00:00,358.35,358.65000000000003,356.59000000000003,357,2818
2026-03-31T15:00:00+00:00,357,358.03000000000003,356.6,357.81,2571
2026-03-31T15:15:00+00:00,357.81,358.38,357.35,357.7,2806
2026-03-31T15:30:00+00:00,357.7,358.21000000000004,357.09000000000003,357.54,2477
2026-03-31T15:45:00+00:00,357.54,358.29,357.35,357.39,2360
2026-03-31T16:00:00+00:00,357.39,358.48,357.21000000000004,358.26,2326
2026-03-31T16:15:00+00:00,358.26,358.63,357.65000000000003,358.56,2072
2026-03-31T16:30:00+00:00,358.56,361.44,357.78000000000003,360.27000000000004,3372
2026-03-31T16:45:00+00:00,360.27000000000004,361.56,359.61,361.46000000000004,4467
2026-03-31T17:00:00+00:00,361.46000000000004,363.11,361.43,363.06,4793
2026-03-31T17:15:00+00:00,363.06,364.07,362.18,362.35,4145
2026-03-31T17:30:00+00:00,362.35,363.63,361.63,361.92,3360
2026-03-31T17:45:00+00:00,361.92,362.56,361.56,361.84000000000003,2802
2026-03-31T18:00:00+00:00,361.84000000000003,363.25,361.83,363.06,2838
2026-03-31T18:15:00+00:00,363.06,363.58,362.74,363.3,2241
2026-03-31T18:30:00+00:00,363.3,364.03000000000003,362.93,363.95,2612
2026-03-31T18:45:00+00:00,363.95,364.3,363.58,364.05,2409
2026-03-31T19:00:00+00:00,364.05,364.77000000000004,363.77000000000004,364.68,2388
2026-03-31T19:15:00+00:00,364.68,365.2,364.23,364.61,2596
2026-03-31T19:30:00+00:00,364.61,365.22,364.37,365.18,2849
2026-03-31T19:45:00+00:00,365.18,366.3,363.18,363.43,4776
2026-04-01T13:30:00+00:00,363.43,366.66,362.55,362.82,3758
2026-04-01T13:45:00+00:00,362.82,363.79,361.73,363.09000000000003,3697
2026-04-01T14:00:00+00:00,363.09000000000003,364.92,362.91,364.67,3615
2026-04-01T14:15:00+00:00,364.67,365.54,364.57,364.97,3200
2026-04-01T14:30:00+00:00,364.97,365.52000000000004,363.69,364.75,3093
2026-04-01T14:45:00+00:00,364.75,365.72,364.54,365.28000000000003,2494
2026-04-01T15:00:00+00:00,365.28000000000003,366,364.86,365.39,2584
2026-04-01T15:15:00+00:00,365.39,365.64,364.52000000000004,364.77000000000004,2235
2026-04-01T15:30:00+00:00,364.77000000000004,365.81,364.25,365.64,2210
2026-04-01T15:45:00+00:00,365.64,365.98,365.53000000000003,365.72,1738
2026-04-01T16:00:00+00:00,365.72,366.13,365.58,365.64,1967
2026-04-01T16:15:00+00:00,365.64,366.34000000000003,365.46000000000004,366.11,1785
2026-04-01T16:30:00+00:00,366.11,366.31,365.54,366.21000000000004,1551
2026-04-01T16:45:00+00:00,366.21000000000004,366.41,365.61,365.99,1489
2026-04-01T17:00:00+00:00,365.99,366.36,365.76,365.98,1512
2026-04-01T17:15:00+00:00,365.98,366.13,365.38,365.43,1405
2026-04-01T17:30:00+00:00,365.43,365.54,364.64,364.81,1590
2026-04-01T17:45:00+00:00,364.81,365.01,364.23,364.29,1583
2026-04-01T18:00:00+00:00,364.29,364.36,363.61,363.90000000000003,2632
2026-04-01T18:15:00+00:00,363.90000000000003,363.90000000000003,362.45,362.59000000000003,2969
2026-04-01T18:30:00+00:00,362.59000000000003,363.2,362.24,362.85,2514
2026-04-01T18:45:00+00:00,362.85,363.1,362.34000000000003,362.77000000000004,2341
2026-04-01T19:00:00+00:00,362.77000000000004,363.2,362.42,362.42,2150
2026-04-01T19:15:00+00:00,362.42,363.42,362.40000000000003,362.76,2125
2026-04-01T19:30:00+00:00,362.76,363.24,362.38,362.7,2018
2026-04-01T19:45:00+00:00,362.7,363.27000000000004,362.38,362.92,3519
2026-04-02T13:30:00+00:00,362.92,362.92,357.67,358.35,2735
2026-04-02T13:45:00+00:00,358.35,359.67,358.14,359.40000000000003,3345
2026-04-02T14:00:00+00:00,359.40000000000003,360.42,358.56,360.22,3468
2026-04-02T14:15:00+00:00,360.22,360.59000000000003,359.53000000000003,360.19,2781
2026-04-02T14:30:00+00:00,360.19,364.56,360.03000000000003,363.52000000000004,2791
2026-04-02T14:45:00+00:00,363.52000000000004,364.05,362.07,363.51000000000005,3275.433806451613
2026-04-02T15:00:00+00:00,363.51000000000005,364.7900000000001,362.9700000000001,364.2900000000001,3135
2026-04-02T15:15:00+00:00,364.2900000000001,364.64000000000004,363.3400000000001,364.37000000000006,2915
2026-04-02T15:30:00+00:00,364.37000000000006,364.86000000000007,363.86000000000007,364.6700000000001,2526
2026-04-02T15:45:00+00:00,364.6700000000001,364.6700000000001,363.1000000000001,363.88000000000005,2565
2026-04-02T16:00:00+00:00,363.88000000000005,364.08000000000004,363.00000000000006,363.46000000000004,2397
2026-04-02T16:15:00+00:00,363.46000000000004,363.70000000000005,362.9700000000001,363.31000000000006,2414
2026-04-02T16:30:00+00:00,363.31000000000006,364.89000000000004,363.0400000000001,364.74000000000007,2025
2026-04-02T16:45:00+00:00,364.74000000000007,365.25000000000006,364.5400000000001,364.64000000000004,1820
2026-04-02T17:00:00+00:00,364.64000000000004,364.9100000000001,364.0400000000001,364.90000000000003,2090
2026-04-02T17:15:00+00:00,364.90000000000003,365.46000000000004,364.86000000000007,365.18000000000006,1836
2026-04-02T17:30:00+00:00,365.18000000000006,365.4200000000001,364.9100000000001,365.1000000000001,1811
2026-04-02T17:45:00+00:00,365.1000000000001,365.18000000000006,364.1000000000001,364.40000000000003,2127
2026-04-02T18:00:00+00:00,364.40000000000003,365.24000000000007,364.40000000000003,364.90000000000003,2034
2026-04-02T18:15:00+00:00,364.90000000000003,365.13000000000005,364.5300000000001,364.58000000000004,1882
2026-04-02T18:30:00+00:00,364.58000000000004,365.21000000000004,364.50000000000006,365.1700000000001,1898
2026-04-02T18:45:00+00:00,365.1700000000001,365.30000000000007,364.6600000000001,364.89000000000004,1660
2026-04-02T19:00:00+00:00,364.89000000000004,365.12000000000006,364.43000000000006,364.75000000000006,1412
2026-04-02T19:15:00+00:00,364.75000000000006,366.7200000000001,364.20000000000005,365.93000000000006,1716
2026-04-02T19:30:00+00:00,365.93000000000006,366.7200000000001,365.6700000000001,365.77000000000004,1612
2026-04-02T19:45:00+00:00,365.77000000000004,367.1700000000001,365.61000000000007,366.93000000000006,2426
2026-04-06T13:30:00+00:00,366.93000000000006,367.0900000000001,363.1000000000001,364.6000000000001,3675
2026-04-06T13:45:00+00:00,364.6000000000001,366.81000000000006,364.55000000000007,366.68000000000006,3152
2026-04-06T14:00:00+00:00,366.68000000000006,367.0300000000001,365.26000000000005,366.32000000000005,3472
2026-04-06T14:15:00+00:00,366.32000000000005,366.6000000000001,365.9700000000001,366.1600000000001,2381
2026-04-06T14:30:00+00:00,366.1600000000001,366.49000000000007,365.11000000000007,365.39000000000004,2187
2026-04-06T14:45:00+00:00,365.39000000000004,365.87000000000006,364.7200000000001,365.58000000000004,1910
2026-04-06T15:00:00+00:00,365.58000000000004,366.21000000000004,365.12000000000006,365.8500000000001,1700
2026-04-06T15:15:00+00:00,365.8500000000001,366.01000000000005,364.90000000000003,364.96000000000004,1501
2026-04-06T15:30:00+00:00,364.96000000000004,365.1600000000001,364.43000000000006,364.93000000000006,1256
2026-04-06T15:45:00+00:00,364.93000000000006,365.38000000000005,364.8500000000001,365.14000000000004,975
2026-04-06T16:00:00+00:00,365.14000000000004,365.24000000000007,364.80000000000007,365.0300000000001,1081
2026-04-06T16:15:00+00:00,365.0300000000001,365.6600000000001,364.9200000000001,365.61000000000007,878
2026-04-06T16:30:00+00:00,365.61000000000007,366.55000000000007,365.40000000000003,366.21000000000004,1009
2026-04-06T16:45:00+00:00,366.21000000000004,366.27000000000004,365.4200000000001,365.74000000000007,949
2026-04-06T17:00:00+00:00,365.74000000000007,365.74000000000007,364.2800000000001,364.5900000000001,1538
2026-04-06T17:15:00+00:00,364.5900000000001,365.88000000000005,364.38000000000005,365.86000000000007,1327
2026-04-06T17:30:00+00:00,365.86000000000007,366.25000000000006,365.40000000000003,366.20000000000005,1494
2026-04-06T17:45:00+00:00,366.20000000000005,366.21000000000004,365.20000000000005,365.21000000000004,1032
2026-04-06T18:00:00+00:00,365.21000000000004,366.32000000000005,365.06000000000006,366.24000000000007,1267
2026-04-06T18:15:00+00:00,366.24000000000007,367.20000000000005,366.20000000000005,366.49000000000007,1392
2026-04-06T18:30:00+00:00,366.49000000000007,366.87000000000006,365.90000000000003,366.0400000000001,1064
2026-04-06T18:45:00+00:00,366.0400000000001,366.2900000000001,365.8500000000001,366.07000000000005,773
2026-04-06T19:00:00+00:00,366.07000000000005,366.38000000000005,365.70000000000005,366.19000000000005,890
2026-04-06T19:15:00+00:00,366.19000000000005,366.33000000000004,365.7900000000001,365.95000000000005,961
2026-04-06T19:30:00+00:00,365.95000000000005,366.14000000000004,365.3500000000001,366.1000000000001,958
2026-04-06T19:45:00+00:00,366.1000000000001,366.61000000000007,365.81000000000006,366.27000000000004,1766
2026-04-07T13:30:00+00:00,366.27000000000004,366.27000000000004,363.3500000000001,364.11000000000007,3710
2026-04-07T13:45:00+00:00,364.11000000000007,365.00000000000006,363.26000000000005,363.2800000000001,3742
2026-04-07T14:00:00+00:00,363.2800000000001,363.4200000000001,361.46000000000004,362.05000000000007,4149
2026-04-07T14:15:00+00:00,362.05000000000007,363.36000000000007,361.90000000000003,363.2800000000001,3665
2026-04-07T14:30:00+00:00,363.2800000000001,363.56000000000006,362.32000000000005,362.63000000000005,3105
2026-04-07T14:45:00+00:00,362.63000000000005,362.9200000000001,360.9200000000001,360.93000000000006,2715
2026-04-07T15:00:00+00:00,360.93000000000006,361.19000000000005,360.14000000000004,361.11000000000007,3202
2026-04-07T15:15:00+00:00,361.11000000000007,362.32000000000005,361.06000000000006,361.64000000000004,2852
2026-04-07T15:30:00+00:00,361.64000000000004,362.1000000000001,361.46000000000004,361.8400000000001,2312
2026-04-07T15:45:00+00:00,361.8400000000001,362.9700000000001,361.80000000000007,362.81000000000006,2128
2026-04-07T16:00:00+00:00,362.81000000000006,364.3400000000001,362.80000000000007,363.3400000000001,3268
2026-04-07T16:15:00+00:00,363.3400000000001,364.39000000000004,363.19000000000005,364.21000000000004,2595
2026-04-07T16:30:00+00:00,364.21000000000004,364.38000000000005,363.7800000000001,364.13000000000005,1956
2026-04-07T16:45:00+00:00,364.13000000000005,364.7200000000001,364.13000000000005,364.27000000000004,1894
2026-04-07T17:00:00+00:00,364.27000000000004,364.69000000000005,363.8500000000001,363.87000000000006,2005
2026-04-07T17:15:00+00:00,363.87000000000006,364.14000000000004,363.64000000000004,363.88000000000005,1539
2026-04-07T17:30:00+00:00,363.88000000000005,365.33000000000004,363.88000000000005,364.49000000000007,2108
2026-04-07T17:45:00+00:00,364.49000000000007,364.6600000000001,364.13000000000005,364.40000000000003,1421
2026-04-07T18:00:00+00:00,364.40000000000003,364.81000000000006,364.18000000000006,364.2900000000001,1574
2026-04-07T18:15:00+00:00,364.2900000000001,364.3500000000001,363.62000000000006,363.82000000000005,1600
2026-04-07T18:30:00+00:00,363.82000000000005,364.02000000000004,363.19000000000005,363.36000000000007,1727
2026-04-07T18:45:00+00:00,363.36000000000007,363.5900000000001,362.25000000000006,362.52000000000004,1941
2026-04-07T19:00:00+00:00,362.52000000000004,363.0300000000001,362.31000000000006,362.8500000000001,2398
2026-04-07T19:15:00+00:00,362.8500000000001,365.15000000000003,362.76000000000005,364.4200000000001,4042
2026-04-07T19:30:00+00:00,364.4200000000001,364.7800000000001,363.80000000000007,364.6000000000001,2711
2026-04-07T19:45:00+00:00,364.6000000000001,366.05000000000007,364.3400000000001,365.70000000000005,4202
2026-04-08T13:30:00+00:00,365.70000000000005,378.46000000000004,365.70000000000005,372.12000000000006,4974
2026-04-08T13:45:00+00:00,372.12000000000006,373.7800000000001,371.8400000000001,372.62000000000006,4056
2026-04-08T14:00:00+00:00,372.62000000000006,373.07000000000005,371.89000000000004,372.18000000000006,3668
2026-04-08T14:15:00+00:00,372.18000000000006,373.14000000000004,371.99000000000007,372.2800000000001,3440
2026-04-08T14:30:00+00:00,372.2800000000001,372.9800000000001,371.89000000000004,372.40000000000003,3204
2026-04-08T14:45:00+00:00,372.40000000000003,372.6700000000001,370.5400000000001,371.80000000000007,3110.709008425146
2026-04-08T15:00:00+00:00,371.80000000000007,372.0900000000001,371.0900000000001,371.32000000000005,2420
2026-04-08T15:15:00+00:00,371.32000000000005,371.3300000000001,370.57000000000005,371.01000000000005,2287
2026-04-08T15:30:00+00:00,371.01000000000005,371.76000000000005,370.69000000000005,371.7100000000001,2040
2026-04-08T15:45:00+00:00,371.7100000000001,372.39000000000004,371.5200000000001,372.11000000000007,1697
2026-04-08T16:00:00+00:00,372.11000000000007,372.5800000000001,371.9000000000001,371.9000000000001,1466
2026-04-08T16:15:00+00:00,371.9000000000001,372.2100000000001,371.24000000000007,371.6000000000001,1765
2026-04-08T16:30:00+00:00,371.6000000000001,372.2100000000001,371.4600000000001,372.0800000000001,1572
2026-04-08T16:45:00+00:00,372.0800000000001,372.37000000000006,371.7900000000001,371.99000000000007,1458
2026-04-08T17:00:00+00:00,371.99000000000007,372.26000000000005,371.4600000000001,371.51000000000005,1455
2026-04-08T17:15:00+00:00,371.51000000000005,371.5900000000001,370.05000000000007,370.3300000000001,1818
2026-04-08T17:30:00+00:00,370.3300000000001,370.5300000000001,368.69000000000005,369.07000000000005,2358
2026-04-08T17:45:00+00:00,369.07000000000005,369.5800000000001,368.7300000000001,369.3400000000001,1767
2026-04-08T18:00:00+00:00,369.3400000000001,369.7800000000001,368.9100000000001,368.9200000000001,1827
2026-04-08T18:15:00+00:00,368.9200000000001,369.01000000000005,367.4600000000001,367.9600000000001,3275
2026-04-08T18:30:00+00:00,367.9600000000001,368.07000000000005,366.7300000000001,366.7900000000001,2155
2026-04-08T18:45:00+00:00,366.7900000000001,366.99000000000007,365.70000000000005,365.86000000000007,2207
2026-04-08T19:00:00+00:00,365.86000000000007,366.25000000000006,365.50000000000006,366.13000000000005,2587
2026-04-08T19:15:00+00:00,366.13000000000005,366.14000000000004,364.99000000000007,365.01000000000005,2646
2026-04-08T19:30:00+00:00,365.01000000000005,366.0900000000001,365.00000000000006,365.8300000000001,2912
2026-04-08T19:45:00+00:00,365.8300000000001,367.9800000000001,365.7300000000001,367.8400000000001,2918
2026-04-09T13:30:00+00:00,367.8400000000001,367.8400000000001,361.9000000000001,363.3500000000001,2807
2026-04-09T13:45:00+00:00,363.3500000000001,363.62000000000006,361.2200000000001,361.82000000000005,2653
2026-04-09T14:00:00+00:00,361.82000000000005,362.14000000000004,360.64000000000004,361.7900000000001,2340
2026-04-09T14:15:00+00:00,361.7900000000001,361.9200000000001,360.70000000000005,360.9800000000001,2365
2026-04-09T14:30:00+00:00,360.9800000000001,361.51000000000005,360.64000000000004,360.8400000000001,1892
2026-04-09T14:45:00+00:00,360.8400000000001,361.7300000000001,360.70000000000005,361.70000000000005,1915
2026-04-09T15:00:00+00:00,361.70000000000005,362.2900000000001,361.2900000000001,362.2300000000001,1984
2026-04-09T15:15:00+00:00,362.2300000000001,363.4000000000001,362.2300000000001,362.43000000000006,1802
2026-04-09T15:30:00+00:00,362.43000000000006,363.4200000000001,361.9700000000001,362.6000000000001,1835
2026-04-09T15:45:00+00:00,362.6000000000001,363.9700000000001,362.2800000000001,363.75000000000006,1718
2026-04-09T16:00:00+00:00,363.75000000000006,365.56000000000006,363.74000000000007,364.62000000000006,1814
2026-04-09T16:15:00+00:00,364.62000000000006,365.25000000000006,364.5400000000001,364.88000000000005,1398
2026-04-09T16:30:00+00:00,364.88000000000005,365.13000000000005,364.5900000000001,365.13000000000005,1385
2026-04-09T16:45:00+00:00,365.13000000000005,365.87000000000006,364.8500000000001,365.5200000000001,1355
2026-04-09T17:00:00+00:00,365.5200000000001,366.4800000000001,365.4600000000001,366.2100000000001,1411
2026-04-09T17:15:00+00:00,366.2100000000001,366.50000000000006,365.4000000000001,365.4000000000001,1254
2026-04-09T17:30:00+00:00,365.4000000000001,366.39000000000004,364.74000000000007,365.9100000000001,1356
2026-04-09T17:45:00+00:00,365.9100000000001,366.05000000000007,365.31000000000006,365.43000000000006,1120
2026-04-09T18:00:00+00:00,365.43000000000006,365.56000000000006,363.1700000000001,363.32000000000005,1670
2026-04-09T18:15:00+00:00,363.32000000000005,363.36000000000007,362.43000000000006,363.13000000000005,1741
2026-04-09T18:30:00+00:00,363.13000000000005,364.07000000000005,363.01000000000005,363.7800000000001,1305
2026-04-09T18:45:00+00:00,363.7800000000001,364.14000000000004,363.6000000000001,364.06000000000006,1022
2026-04-09T19:00:00+00:00,364.06000000000006,365.01000000000005,363.95000000000005,365.01000000000005,976
2026-04-09T19:15:00+00:00,365.01000000000005,365.9700000000001,364.7700000000001,365.8500000000001,1234
2026-04-09T19:30:00+00:00,365.8500000000001,366.18000000000006,365.5900000000001,366.1500000000001,1218
2026-04-09T19:45:00+00:00,366.1500000000001,366.95000000000005,365.9800000000001,366.80000000000007,2020
2026-04-10T13:30:00+00:00,366.80000000000007,369.1600000000001,365.2200000000001,367.45000000000005,2427
2026-04-10T13:45:00+00:00,367.45000000000005,367.7700000000001,364.68000000000006,366.4800000000001,2476
2026-04-10T14:00:00+00:00,366.4800000000001,367.44000000000005,365.2100000000001,367.4200000000001,2143
2026-04-10T14:15:00+00:00,367.4200000000001,367.7200000000001,366.4700000000001,366.51000000000005,2100
2026-04-10T14:30:00+00:00,366.51000000000005,367.87000000000006,366.4700000000001,366.76000000000005,1971
2026-04-10T14:45:00+00:00,366.76000000000005,367.1500000000001,365.25000000000006,365.8600000000001,1866.1185726327622
2026-04-10T15:00:00+00:00,365.8600000000001,366.5000000000001,365.5000000000001,366.2000000000001,1796
2026-04-10T15:15:00+00:00,366.2000000000001,366.8300000000001,365.6800000000001,365.7100000000001,1630
2026-04-10T15:30:00+00:00,365.7100000000001,365.8100000000001,364.22000000000014,364.54000000000013,1807
2026-04-10T15:45:00+00:00,364.54000000000013,364.6200000000001,363.7400000000001,364.2600000000001,1755
2026-04-10T16:00:00+00:00,364.2600000000001,365.53000000000014,364.1100000000001,365.35000000000014,1324
2026-04-10T16:15:00+00:00,365.35000000000014,366.0000000000001,365.28000000000014,365.7600000000001,1244
2026-04-10T16:30:00+00:00,365.7600000000001,365.79000000000013,364.5000000000001,364.6100000000001,1200
2026-04-10T16:45:00+00:00,364.6100000000001,365.0800000000001,364.5000000000001,364.9500000000001,1228
2026-04-10T17:00:00+00:00,364.9500000000001,365.10000000000014,364.5100000000001,364.9500000000001,986
2026-04-10T17:15:00+00:00,364.9500000000001,365.0600000000001,364.4600000000001,364.4600000000001,1079
2026-04-10T17:30:00+00:00,364.4600000000001,364.7000000000001,363.91000000000014,364.5700000000001,1187
2026-04-10T17:45:00+00:00,364.5700000000001,364.72000000000014,364.03000000000014,364.7100000000001,884
2026-04-10T18:00:00+00:00,364.7100000000001,364.7700000000001,363.6100000000001,364.03000000000014,1161
2026-04-10T18:15:00+00:00,364.03000000000014,364.4300000000001,363.73000000000013,363.9300000000001,1111
2026-04-10T18:30:00+00:00,363.9300000000001,364.17000000000013,363.6500000000001,363.9400000000001,948
2026-04-10T18:45:00+00:00,363.9400000000001,364.6100000000001,363.8000000000001,364.6100000000001,924
2026-04-10T19:00:00+00:00,364.6100000000001,365.17000000000013,364.5500000000001,365.1200000000001,999
2026-04-10T19:15:00+00:00,365.1200000000001,365.3600000000001,364.8000000000001,365.09000000000015,1060
2026-04-10T19:30:00+00:00,365.09000000000015,365.1300000000001,364.5200000000001,364.8700000000001,1130
2026-04-10T19:45:00+00:00,364.8700000000001,365.29000000000013,364.1200000000001,364.3600000000001,1828
2026-04-13T13:30:00+00:00,364.3600000000001,365.17000000000013,362.76000000000016,364.16000000000014,2283.007057730995
2026-04-13T13:45:00+00:00,364.16000000000014,367.20000000000016,363.95000000000016,367.07000000000016,3878
2026-04-13T14:00:00+00:00,367.07000000000016,370.58000000000015,367.0600000000002,368.44000000000017,4201
2026-04-13T14:15:00+00:00,368.44000000000017,370.17000000000013,367.2400000000001,370.16000000000014,3500
2026-04-13T14:30:00+00:00,370.16000000000014,370.23000000000013,368.64000000000016,369.45000000000016,2297
2026-04-13T14:45:00+00:00,369.45000000000016,372.29000000000013,369.28000000000014,371.9900000000001,2615
2026-04-13T15:00:00+00:00,371.9900000000001,372.15000000000015,370.85000000000014,371.0500000000001,2464
2026-04-13T15:15:00+00:00,371.0500000000001,373.23000000000013,371.04000000000013,373.0600000000002,2148
2026-04-13T15:30:00+00:00,373.0600000000002,373.78000000000014,372.4300000000002,373.21000000000015,2342
2026-04-13T15:45:00+00:00,373.21000000000015,373.34000000000015,372.46000000000015,372.5500000000001,1641
2026-04-13T16:00:00+00:00,372.5500000000001,372.88000000000017,371.97000000000014,372.78000000000014,1997
2026-04-13T16:15:00+00:00,372.78000000000014,374.2400000000001,372.60000000000014,374.0500000000001,1886
2026-04-13T16:30:00+00:00,374.0500000000001,374.52000000000015,372.73000000000013,373.25000000000017,2595
2026-04-13T16:45:00+00:00,373.25000000000017,373.88000000000017,372.88000000000017,373.79000000000013,1893
2026-04-13T17:00:00+00:00,373.79000000000013,374.3000000000001,373.44000000000017,374.28000000000014,1324
2026-04-13T17:15:00+00:00,374.28000000000014,374.50000000000017,373.96000000000015,374.3700000000002,1211
2026-04-13T17:30:00+00:00,374.3700000000002,374.6100000000001,374.13000000000017,374.22000000000014,1382
2026-04-13T17:45:00+00:00,374.22000000000014,374.67000000000013,373.89000000000016,374.65000000000015,1314
2026-04-13T18:00:00+00:00,374.65000000000015,375.00000000000017,374.42000000000013,374.75000000000017,1334
2026-04-13T18:15:00+00:00,374.75000000000017,374.92000000000013,374.26000000000016,374.47000000000014,1271
2026-04-13T18:30:00+00:00,374.47000000000014,374.90000000000015,374.45000000000016,374.6200000000002,1220
2026-04-13T18:45:00+00:00,374.6200000000002,375.26000000000016,374.6200000000002,375.19000000000017,1314
2026-04-13T19:00:00+00:00,375.19000000000017,375.3700000000002,374.6100000000001,374.67000000000013,1268
2026-04-13T19:15:00+00:00,374.67000000000013,375.14000000000016,374.39000000000016,375.01000000000016,1241
2026-04-13T19:30:00+00:00,375.01000000000016,375.64000000000016,374.94000000000017,375.33000000000015,1597
2026-04-13T19:45:00+00:00,375.33000000000015,377.28000000000014,375.29000000000013,377.0600000000002,2842
2026-04-14T13:30:00+00:00,377.0600000000002,387.10000000000014,377.0600000000002,385.35000000000014,5173
2026-04-14T13:45:00+00:00,385.35000000000014,386.19000000000017,382.45000000000016,382.6200000000002,4124
2026-04-14T14:00:00+00:00,382.6200000000002,384.3100000000002,382.44000000000017,383.65000000000015,3458
2026-04-14T14:15:00+00:00,383.65000000000015,385.5500000000001,382.8600000000001,385.20000000000016,3003
2026-04-14T14:30:00+00:00,385.20000000000016,386.2400000000001,384.52000000000015,384.71000000000015,2686
2026-04-14T14:45:00+00:00,384.71000000000015,385.00000000000017,384.00000000000017,384.32000000000016,2758
2026-04-14T15:00:00+00:00,384.32000000000016,384.76000000000016,383.09000000000015,383.1100000000001,2588
2026-04-14T15:15:00+00:00,383.1100000000001,384.72000000000014,383.09000000000015,384.33000000000015,2295
2026-04-14T15:30:00+00:00,384.33000000000015,385.77000000000015,384.32000000000016,385.76000000000016,2025
2026-04-14T15:45:00+00:00,385.76000000000016,386.5600000000002,385.70000000000016,386.28000000000014,2155
2026-04-14T16:00:00+00:00,386.28000000000014,386.64000000000016,386.13000000000017,386.41000000000014,1625
2026-04-14T16:15:00+00:00,386.41000000000014,387.29000000000013,386.33000000000015,387.01000000000016,1715
2026-04-14T16:30:00+00:00,387.01000000000016,387.20000000000016,386.09000000000015,386.45000000000016,1816
2026-04-14T16:45:00+00:00,386.45000000000016,387.0500000000001,386.40000000000015,387.03000000000014,1577
2026-04-14T17:00:00+00:00,387.03000000000014,387.32000000000016,386.5600000000002,386.8000000000001,1300
2026-04-14T17:15:00+00:00,386.8000000000001,387.07000000000016,386.52000000000015,386.84000000000015,1501
2026-04-14T17:30:00+00:00,386.84000000000015,387.29000000000013,386.70000000000016,387.2400000000001,1461
2026-04-14T17:45:00+00:00,387.2400000000001,387.3600000000001,385.2400000000001,385.5600000000002,1539
2026-04-14T18:00:00+00:00,385.5600000000002,385.65000000000015,383.52000000000015,383.96000000000015,2333
2026-04-14T18:15:00+00:00,383.96000000000015,384.0500000000001,383.02000000000015,383.95000000000016,2040
2026-04-14T18:30:00+00:00,383.95000000000016,384.96000000000015,383.90000000000015,384.23000000000013,1582
2026-04-14T18:45:00+00:00,384.23000000000013,384.26000000000016,383.6100000000001,383.91000000000014,1400
2026-04-14T19:00:00+00:00,383.91000000000014,384.90000000000015,383.83000000000015,384.69000000000017,1364
2026-04-14T19:15:00+00:00,384.69000000000017,385.1200000000002,384.51000000000016,384.98000000000013,1288
2026-04-14T19:30:00+00:00,384.98000000000013,385.44000000000017,384.82000000000016,385.19000000000017,1950
2026-04-14T19:45:00+00:00,385.19000000000017,386.04000000000013,385.04000000000013,385.53000000000014,3364
2026-04-15T13:30:00+00:00,385.53000000000014,396.13000000000017,385.53000000000014,394.71000000000015,3912
2026-04-15T13:45:00+00:00,394.71000000000015,396.5500000000001,394.3100000000002,395.28000000000014,3504
2026-04-15T14:00:00+00:00,395.28000000000014,398.46000000000015,395.21000000000015,398.46000000000015,3349
2026-04-15T14:15:00+00:00,398.46000000000015,399.54000000000013,397.96000000000015,398.6800000000002,3084
2026-04-15T14:30:00+00:00,398.6800000000002,399.5600000000002,398.1100000000001,398.44000000000017,2640
2026-04-15T14:45:00+00:00,398.44000000000017,400.4900000000002,398.33000000000015,400.3100000000002,2486.1384205856257
2026-04-15T15:00:00+00:00,400.3100000000002,401.5500000000002,399.3300000000002,399.9000000000002,2911
2026-04-15T15:15:00+00:00,399.9000000000002,401.1900000000002,399.8700000000002,400.6100000000002,2111
2026-04-15T15:30:00+00:00,400.6100000000002,400.6200000000002,399.3100000000002,399.5400000000002,2092
2026-04-15T15:45:00+00:00,399.5400000000002,400.3400000000002,399.4200000000002,399.8500000000002,1816
2026-04-15T16:00:00+00:00,399.8500000000002,400.6600000000002,399.5100000000002,400.6600000000002,1617
2026-04-15T16:15:00+00:00,400.6600000000002,402.1600000000002,400.6000000000002,401.8100000000002,1899
2026-04-15T16:30:00+00:00,401.8100000000002,401.9400000000002,400.3600000000002,400.5500000000002,2244
2026-04-15T16:45:00+00:00,400.5500000000002,401.4900000000002,400.1500000000002,400.6600000000002,2455
2026-04-15T17:00:00+00:00,400.6600000000002,401.5600000000002,400.6000000000002,401.0100000000002,1511
2026-04-15T17:15:00+00:00,401.0100000000002,402.5900000000002,401.00000000000017,402.4400000000002,1604
2026-04-15T17:30:00+00:00,402.4400000000002,403.1100000000002,401.8800000000002,402.4900000000002,1798
2026-04-15T17:45:00+00:00,402.4900000000002,403.0100000000002,402.1500000000002,402.7400000000002,1424
2026-04-15T18:00:00+00:00,402.7400000000002,404.2900000000002,402.4800000000002,404.2000000000002,2033
2026-04-15T18:15:00+00:00,404.2000000000002,405.3700000000002,403.9400000000002,405.1100000000002,1991
2026-04-15T18:30:00+00:00,405.1100000000002,407.0400000000002,405.1100000000002,405.5600000000002,2396
2026-04-15T18:45:00+00:00,405.5600000000002,406.7200000000002,405.5200000000002,406.4600000000002,1752
2026-04-15T19:00:00+00:00,406.4600000000002,406.4700000000002,405.6600000000002,406.0100000000002,1869
2026-04-15T19:15:00+00:00,406.0100000000002,406.3400000000002,405.3100000000002,405.8900000000002,1692
2026-04-15T19:30:00+00:00,405.8900000000002,405.9200000000002,404.0500000000002,404.9400000000002,2201
2026-04-15T19:45:00+00:00,404.9400000000002,405.00000000000017,403.4100000000002,403.8800000000002,3098
2026-04-16T13:30:00+00:00,403.8800000000002,412.6700000000002,403.8800000000002,410.00000000000017,4495
2026-04-16T13:45:00+00:00,410.00000000000017,410.4500000000002,404.9900000000002,405.9500000000002,4617
2026-04-16T14:00:00+00:00,405.9500000000002,407.7200000000002,404.8200000000002,406.6100000000002,3812
2026-04-16T14:15:00+00:00,406.6100000000002,407.5900000000002,405.8200000000002,407.5500000000002,2966
2026-04-16T14:30:00+00:00,407.5500000000002,408.5500000000002,407.3100000000002,408.0900000000002,2807
2026-04-16T14:45:00+00:00,408.0900000000002,408.3500000000002,407.1100000000002,407.5900000000002,2438
2026-04-16T15:00:00+00:00,407.5900000000002,408.7900000000002,406.5500000000002,408.7600000000002,2538
2026-04-16T15:15:00+00:00,408.7600000000002,410.7800000000002,408.7600000000002,409.2100000000002,2505
2026-04-16T15:30:00+00:00,409.2100000000002,411.0400000000002,408.9200000000002,410.4400000000002,2576
2026-04-16T15:45:00+00:00,410.4400000000002,412.2200000000002,410.3800000000002,412.0900000000002,2186
2026-04-16T16:00:00+00:00,412.0900000000002,413.2300000000002,411.9900000000002,412.50000000000017,2112
2026-04-16T16:15:00+00:00,412.50000000000017,412.5800000000002,411.7300000000002,412.00000000000017,1719
2026-04-16T16:30:00+00:00,412.00000000000017,412.3200000000002,410.4500000000002,412.2100000000002,2450
2026-04-16T16:45:00+00:00,412.2100000000002,412.7100000000002,411.3700000000002,411.3800000000002,1912
2026-04-16T17:00:00+00:00,411.3800000000002,411.8600000000002,410.7000000000002,410.7900000000002,2106
2026-04-16T17:15:00+00:00,410.7900000000002,412.0500000000002,410.4500000000002,411.7600000000002,1990
2026-04-16T17:30:00+00:00,411.7600000000002,412.7100000000002,411.5200000000002,412.6600000000002,1530
2026-04-16T17:45:00+00:00,412.6600000000002,412.7200000000002,411.8900000000002,412.2000000000002,1449
2026-04-16T18:00:00+00:00,412.2000000000002,412.4000000000002,410.5500000000002,410.9100000000002,2277
2026-04-16T18:15:00+00:00,410.9100000000002,410.9200000000002,409.7000000000002,410.1100000000002,1843
2026-04-16T18:30:00+00:00,410.1100000000002,412.2800000000002,410.1000000000002,412.0400000000002,1852
2026-04-16T18:45:00+00:00,412.0400000000002,412.3600000000002,411.6300000000002,411.9100000000002,1364
2026-04-16T19:00:00+00:00,411.9100000000002,412.1100000000002,410.4000000000002,410.7400000000002,1549
2026-04-16T19:15:00+00:00,410.7400000000002,411.4800000000002,410.4200000000002,411.0500000000002,1302
2026-04-16T19:30:00+00:00,411.0500000000002,412.8400000000002,410.7300000000002,412.7100000000002,1466
2026-04-16T19:45:00+00:00,412.7100000000002,413.4700000000002,412.1100000000002,412.8300000000002,2206
2026-04-17T13:30:00+00:00,412.8300000000002,418.8100000000002,412.8300000000002,418.5500000000002,4110
2026-04-17T13:45:00+00:00,418.5500000000002,418.8600000000002,416.5800000000002,417.3800000000002,4094
2026-04-17T14:00:00+00:00,417.3800000000002,417.7800000000002,416.3000000000002,417.3300000000002,3635
2026-04-17T14:15:00+00:00,417.3300000000002,418.8700000000002,416.8000000000002,418.4700000000002,3436
2026-04-17T14:30:00+00:00,418.4700000000002,421.1900000000002,418.4700000000002,420.7600000000002,3444
2026-04-17T14:45:00+00:00,420.7600000000002,423.03000000000014,420.2200000000002,422.7400000000002,3131.578257517348
2026-04-17T15:00:00+00:00,422.7400000000002,423.8900000000002,422.3100000000002,422.4300000000002,3615
2026-04-17T15:15:00+00:00,422.4300000000002,424.2800000000002,422.4200000000002,423.0200000000002,2994
2026-04-17T15:30:00+00:00,423.0200000000002,423.4100000000002,421.1100000000002,421.1200000000002,3033
2026-04-17T15:45:00+00:00,421.1200000000002,421.8400000000002,420.3500000000002,420.9100000000002,3152
2026-04-17T16:00:00+00:00,420.9100000000002,421.63000000000017,420.6600000000002,421.1700000000002,2431
2026-04-17T16:15:00+00:00,421.1700000000002,421.3500000000002,419.8100000000002,421.3000000000002,2574
2026-04-17T16:30:00+00:00,421.3000000000002,422.1500000000002,421.19000000000017,421.51000000000016,2134
2026-04-17T16:45:00+00:00,421.51000000000016,421.6200000000002,419.57000000000016,419.7300000000002,1861
2026-04-17T17:00:00+00:00,419.7300000000002,419.8300000000002,418.0500000000002,418.3300000000002,2612
2026-04-17T17:15:00+00:00,418.3300000000002,418.3300000000002,416.01000000000016,416.5500000000002,3239
2026-04-17T17:30:00+00:00,416.5500000000002,417.6600000000002,416.3700000000002,417.44000000000017,2233
2026-04-17T17:45:00+00:00,417.44000000000017,417.9500000000002,416.9600000000002,417.2700000000002,1556
2026-04-17T18:00:00+00:00,417.2700000000002,417.4700000000002,415.7200000000002,415.75000000000017,2101
2026-04-17T18:15:00+00:00,415.75000000000017,416.07000000000016,413.4100000000002,413.6500000000002,2625
2026-04-17T18:30:00+00:00,413.6500000000002,415.3100000000002,413.6100000000002,414.6800000000002,2029
2026-04-17T18:45:00+00:00,414.6800000000002,414.8700000000002,414.0900000000002,414.38000000000017,1706
2026-04-17T19:00:00+00:00,414.38000000000017,414.6400000000002,414.0300000000002,414.3100000000002,1416
2026-04-17T19:15:00+00:00,414.3100000000002,415.69000000000017,414.2700000000002,415.3100000000002,1715
2026-04-17T19:30:00+00:00,415.3100000000002,416.0900000000002,415.01000000000016,415.6500000000002,1707
2026-04-17T19:45:00+00:00,415.6500000000002,416.26000000000016,414.8400000000002,415.38000000000017,2263
2026-04-20T13:30:00+00:00,415.38000000000017,417.83000000000015,409.60000000000014,409.83000000000015,2707.545404805446
2026-04-20T13:45:00+00:00,409.83000000000015,413.0500000000002,409.64000000000016,412.9300000000002,2862
2026-04-20T14:00:00+00:00,412.9300000000002,415.25000000000017,412.9200000000002,413.51000000000016,3127
2026-04-20T14:15:00+00:00,413.51000000000016,413.6700000000002,411.79000000000013,411.95000000000016,2831
2026-04-20T14:30:00+00:00,411.95000000000016,412.15000000000015,410.82000000000016,410.82000000000016,2599
2026-04-20T14:45:00+00:00,410.82000000000016,411.8100000000002,410.26000000000016,410.5500000000002,2726
2026-04-20T15:00:00+00:00,410.5500000000002,411.10000000000014,408.79000000000013,409.9300000000002,2793
2026-04-20T15:15:00+00:00,409.9300000000002,410.6200000000002,409.32000000000016,410.46000000000015,2299
2026-04-20T15:30:00+00:00,410.46000000000015,410.46000000000015,409.10000000000014,409.65000000000015,2125
2026-04-20T15:45:00+00:00,409.65000000000015,410.38000000000017,409.2400000000002,409.97000000000014,1609
2026-04-20T16:00:00+00:00,409.97000000000014,410.82000000000016,409.82000000000016,410.75000000000017,1633
2026-04-20T16:15:00+00:00,410.75000000000017,411.39000000000016,410.3000000000002,411.35000000000014,1674
2026-04-20T16:30:00+00:00,411.35000000000014,412.01000000000016,411.1200000000002,411.8100000000002,1657
2026-04-20T16:45:00+00:00,411.8100000000002,411.97000000000014,411.0600000000002,411.19000000000017,1230
2026-04-20T17:00:00+00:00,411.19000000000017,411.9300000000002,411.00000000000017,411.8600000000002,1408
2026-04-20T17:15:00+00:00,411.8600000000002,412.65000000000015,411.40000000000015,411.66000000000014,1410
2026-04-20T17:30:00+00:00,411.66000000000014,411.6700000000002,410.69000000000017,411.09000000000015,1611
2026-04-20T17:45:00+00:00,411.09000000000015,411.58000000000015,410.79000000000013,410.88000000000017,995
2026-04-20T18:00:00+00:00,410.88000000000017,411.01000000000016,410.3100000000002,410.8700000000002,1289
2026-04-20T18:15:00+00:00,410.8700000000002,411.54000000000013,410.59000000000015,411.02000000000015,1491
2026-04-20T18:30:00+00:00,411.02000000000015,411.13000000000017,409.75000000000017,409.9900000000002,1438
2026-04-20T18:45:00+00:00,409.9900000000002,410.2300000000002,409.20000000000016,409.39000000000016,1386
2026-04-20T19:00:00+00:00,409.39000000000016,410.19000000000017,409.39000000000016,409.76000000000016,1321
2026-04-20T19:15:00+00:00,409.76000000000016,410.45000000000016,409.65000000000015,409.8000000000002,1281
2026-04-20T19:30:00+00:00,409.8000000000002,410.33000000000015,409.44000000000017,409.54000000000013,1552
2026-04-20T19:45:00+00:00,409.54000000000013,410.65000000000015,409.29000000000013,410.4800000000002,2638
2026-04-21T13:30:00+00:00,410.4800000000002,414.10000000000014,409.69000000000017,413.46000000000015,2921
2026-04-21T13:45:00+00:00,413.46000000000015,416.40000000000015,412.59000000000015,416.38000000000017,2743
2026-04-21T14:00:00+00:00,416.38000000000017,417.40000000000015,415.28000000000014,416.5600000000002,2254
2026-04-21T14:15:00+00:00,416.5600000000002,417.85000000000014,416.02000000000015,417.59000000000015,2009
2026-04-21T14:30:00+00:00,417.59000000000015,419.6100000000002,417.50000000000017,418.91000000000014,2223
2026-04-21T14:45:00+00:00,418.91000000000014,418.95000000000016,416.6800000000002,416.70000000000016,2195
2026-04-21T15:00:00+00:00,416.70000000000016,417.64000000000016,415.39000000000016,417.07000000000016,2189
2026-04-21T15:15:00+00:00,417.07000000000016,418.8700000000002,416.54000000000013,417.07000000000016,1726
2026-04-21T15:30:00+00:00,417.07000000000016,417.8600000000002,416.8100000000002,417.66000000000014,1250
2026-04-21T15:45:00+00:00,417.66000000000014,418.64000000000016,417.1200000000002,418.5500000000002,1286
2026-04-21T16:00:00+00:00,418.5500000000002,419.4200000000002,417.4900000000002,417.9200000000002,1845
2026-04-21T16:15:00+00:00,417.9200000000002,418.3100000000002,417.00000000000017,417.34000000000015,1281
2026-04-21T16:30:00+00:00,417.34000000000015,418.96000000000015,417.3000000000002,417.88000000000017,1416
2026-04-21T16:45:00+00:00,417.88000000000017,418.32000000000016,417.2400000000002,417.4300000000002,1268
2026-04-21T17:00:00+00:00,417.4300000000002,418.22000000000014,416.65000000000015,416.95000000000016,1737
2026-04-21T17:15:00+00:00,416.95000000000016,417.3100000000002,415.85000000000014,417.2400000000002,1555
2026-04-21T17:30:00+00:00,417.2400000000002,419.27000000000015,417.1700000000002,418.8100000000002,1722
2026-04-21T17:45:00+00:00,418.8100000000002,419.20000000000016,418.13000000000017,418.66000000000014,1362
2026-04-21T18:00:00+00:00,418.66000000000014,419.38000000000017,418.0600000000002,418.4200000000002,1395
2026-04-21T18:15:00+00:00,418.4200000000002,418.7300000000002,417.54000000000013,418.27000000000015,1241
2026-04-21T18:30:00+00:00,418.27000000000015,418.7300000000002,417.9900000000002,418.3700000000002,1126
2026-04-21T18:45:00+00:00,418.3700000000002,419.1100000000002,417.7400000000002,418.9300000000002,1405
2026-04-21T19:00:00+00:00,418.9300000000002,419.66000000000014,418.5500000000002,418.8000000000002,1487
2026-04-21T19:15:00+00:00,418.8000000000002,419.13000000000017,418.53000000000014,418.95000000000016,1286
2026-04-21T19:30:00+00:00,418.95000000000016,419.0500000000002,415.79000000000013,416.29000000000013,1685
2026-04-21T19:45:00+00:00,416.29000000000013,416.89000000000016,415.96000000000015,416.89000000000016,3018
2026-04-22T13:30:00+00:00,416.89000000000016,421.02000000000015,416.1700000000002,420.57000000000016,2716
2026-04-22T13:45:00+00:00,420.57000000000016,421.63000000000017,420.02000000000015,420.54000000000013,2388
2026-04-22T14:00:00+00:00,420.54000000000013,423.07000000000016,420.52000000000015,422.19000000000017,2375
2026-04-22T14:15:00+00:00,422.19000000000017,423.77000000000015,421.6800000000002,423.6100000000002,2124
2026-04-22T14:30:00+00:00,423.6100000000002,424.20000000000016,422.4900000000002,422.5500000000002,2109
2026-04-22T14:45:00+00:00,422.5500000000002,423.46000000000015,421.9900000000002,422.8100000000002,1637.4536491852664
2026-04-22T15:00:00+00:00,422.8100000000002,424.0500000000002,422.1500000000002,423.5700000000002,1657
2026-04-22T15:15:00+00:00,423.5700000000002,424.6800000000002,423.5100000000002,424.5400000000002,1417
2026-04-22T15:30:00+00:00,424.5400000000002,425.5500000000002,424.19000000000017,424.5300000000002,1456
2026-04-22T15:45:00+00:00,424.5300000000002,425.2400000000002,423.9500000000002,424.00000000000017,1344
2026-04-22T16:00:00+00:00,424.00000000000017,424.9100000000002,423.7600000000002,424.25000000000017,1113
2026-04-22T16:15:00+00:00,424.25000000000017,424.4500000000002,423.8500000000002,424.0900000000002,1082
2026-04-22T16:30:00+00:00,424.0900000000002,424.6100000000002,423.4500000000002,423.6100000000002,1195
2026-04-22T16:45:00+00:00,423.6100000000002,423.6800000000002,422.7000000000002,422.9600000000002,1092
2026-04-22T17:00:00+00:00,422.9600000000002,424.1800000000002,422.9500000000002,423.8900000000002,1128
2026-04-22T17:15:00+00:00,423.8900000000002,424.4800000000002,423.5300000000002,423.6200000000002,1006
2026-04-22T17:30:00+00:00,423.6200000000002,424.1800000000002,423.5200000000002,423.7300000000002,834
2026-04-22T17:45:00+00:00,423.7300000000002,424.3400000000002,423.3400000000002,423.5600000000002,1100
2026-04-22T18:00:00+00:00,423.5600000000002,424.0100000000002,423.3200000000002,423.7600000000002,951
2026-04-22T18:15:00+00:00,423.7600000000002,423.7600000000002,422.9900000000002,423.1500000000002,995
2026-04-22T18:30:00+00:00,423.1500000000002,423.6600000000002,422.9900000000002,423.1200000000002,809
2026-04-22T18:45:00+00:00,423.1200000000002,424.5700000000002,423.0300000000002,423.6400000000002,1003
2026-04-22T19:00:00+00:00,423.6400000000002,424.1200000000002,423.6000000000002,423.6400000000002,937
2026-04-22T19:15:00+00:00,423.6400000000002,424.4900000000002,423.5700000000002,424.2000000000002,756
2026-04-22T19:30:00+00:00,424.2000000000002,425.1600000000002,424.1500000000002,424.7900000000002,1072
2026-04-22T19:45:00+00:00,424.7900000000002,425.7100000000002,424.6000000000002,424.9900000000002,2266
2026-04-23T13:30:00+00:00,424.9900000000002,424.9900000000002,410.50000000000017,412.8800000000002,2974
2026-04-23T13:45:00+00:00,412.8800000000002,414.0200000000002,409.6200000000002,409.75000000000017,3461
2026-04-23T14:00:00+00:00,409.75000000000017,410.1700000000002,408.1400000000002,409.5400000000002,2962
2026-04-23T14:15:00+00:00,409.5400000000002,412.0300000000002,409.3900000000002,411.19000000000017,2412
2026-04-23T14:30:00+00:00,411.19000000000017,412.5200000000002,410.7000000000002,412.3300000000002,2021
2026-04-23T14:45:00+00:00,412.3300000000002,414.1700000000002,412.2700000000002,413.9200000000002,1840
2026-04-23T15:00:00+00:00,413.9200000000002,414.3800000000002,413.2800000000002,413.4100000000002,1704
2026-04-23T15:15:00+00:00,413.4100000000002,415.7600000000002,413.2100000000002,414.8600000000002,1641
2026-04-23T15:30:00+00:00,414.8600000000002,415.3300000000002,413.44000000000017,413.75000000000017,1448
2026-04-23T15:45:00+00:00,413.75000000000017,413.7800000000002,410.8200000000002,411.6100000000002,1840
2026-04-23T16:00:00+00:00,411.6100000000002,412.0200000000002,410.5400000000002,411.2900000000002,1497
2026-04-23T16:15:00+00:00,411.2900000000002,411.4000000000002,410.2000000000002,410.2400000000002,1511
2026-04-23T16:30:00+00:00,410.2400000000002,410.2400000000002,409.3400000000002,409.6400000000002,1501
2026-04-23T16:45:00+00:00,409.6400000000002,410.4100000000002,409.1600000000002,410.0900000000002,1357
2026-04-23T17:00:00+00:00,410.0900000000002,410.3000000000002,407.5900000000002,407.8600000000002,1953
2026-04-23T17:15:00+00:00,407.8600000000002,408.1100000000002,406.8500000000002,407.5700000000002,2092
2026-04-23T17:30:00+00:00,407.5700000000002,408.1400000000002,404.0700000000002,404.3600000000002,2280
2026-04-23T17:45:00+00:00,404.3600000000002,407.0300000000002,403.7900000000002,406.8500000000002,2103
2026-04-23T18:00:00+00:00,406.8500000000002,407.7600000000002,406.6000000000002,407.2600000000002,1856
2026-04-23T18:15:00+00:00,407.2600000000002,407.7300000000002,407.0300000000002,407.4700000000002,1509
2026-04-23T18:30:00+00:00,407.4700000000002,408.3700000000002,407.1400000000002,407.3200000000002,1441
2026-04-23T18:45:00+00:00,407.3200000000002,407.4000000000002,406.5300000000002,406.6700000000002,1272
2026-04-23T19:00:00+00:00,406.6700000000002,408.44000000000017,406.6100000000002,408.44000000000017,1062
2026-04-23T19:15:00+00:00,408.44000000000017,409.0600000000002,408.1300000000002,408.6500000000002,1122
2026-04-23T19:30:00+00:00,408.6500000000002,409.0200000000002,407.3900000000002,407.6100000000002,1519
2026-04-23T19:45:00+00:00,407.6100000000002,408.9600000000002,407.3900000000002,407.9500000000002,2291
2026-04-24T13:30:00+00:00,407.9500000000002,412.7400000000002,407.9500000000002,412.1000000000002,1853
2026-04-24T13:45:00+00:00,412.1000000000002,413.9800000000002,411.5900000000002,411.94000000000017,1604
2026-04-24T14:00:00+00:00,411.94000000000017,411.9700000000002,410.6400000000002,410.94000000000017,1512
2026-04-24T14:15:00+00:00,410.94000000000017,411.3600000000002,409.6500000000002,409.8400000000002,1361
2026-04-24T14:30:00+00:00,409.8400000000002,411.1600000000002,409.6000000000002,411.0700000000002,1579
2026-04-24T14:45:00+00:00,411.0700000000002,411.3900000000002,410.4100000000002,410.7100000000002,1473.9118099470174
2026-04-24T15:00:00+00:00,410.7100000000002,412.06000000000023,410.61000000000024,411.8800000000002,1678
2026-04-24T15:15:00+00:00,411.8800000000002,412.41000000000025,411.61000000000024,412.29000000000025,1309
2026-04-24T15:30:00+00:00,412.29000000000025,413.90000000000026,412.23000000000025,413.7100000000002,1450
2026-04-24T15:45:00+00:00,413.7100000000002,414.3200000000002,411.93000000000023,412.0100000000002,1598
2026-04-24T16:00:00+00:00,412.0100000000002,412.04000000000025,410.66000000000025,411.3200000000002,1547
2026-04-24T16:15:00+00:00,411.3200000000002,411.6900000000002,410.81000000000023,411.12000000000023,984
2026-04-24T16:30:00+00:00,411.12000000000023,412.0000000000002,411.12000000000023,411.78000000000026,997
2026-04-24T16:45:00+00:00,411.78000000000026,412.18000000000023,411.61000000000024,412.15000000000026,934
2026-04-24T17:00:00+00:00,412.15000000000026,412.31000000000023,411.72000000000025,412.15000000000026,824
2026-04-24T17:15:00+00:00,412.15000000000026,412.18000000000023,411.1900000000002,411.2000000000002,834
2026-04-24T17:30:00+00:00,411.2000000000002,412.31000000000023,411.0200000000002,412.31000000000023,1012
2026-04-24T17:45:00+00:00,412.31000000000023,413.54000000000025,412.2000000000002,413.2000000000002,1144
2026-04-24T18:00:00+00:00,413.2000000000002,414.0000000000002,412.97000000000025,414.0000000000002,1053
2026-04-24T18:15:00+00:00,414.0000000000002,414.47000000000025,413.59000000000026,414.3900000000002,1186
2026-04-24T18:30:00+00:00,414.3900000000002,415.09000000000026,414.22000000000025,414.72000000000025,1170
2026-04-24T18:45:00+00:00,414.72000000000025,415.1300000000002,414.53000000000026,414.79000000000025,1127
2026-04-24T19:00:00+00:00,414.79000000000025,416.53000000000026,414.78000000000026,416.53000000000026,1146
2026-04-24T19:15:00+00:00,416.53000000000026,416.87000000000023,415.8200000000002,416.0200000000002,1315
2026-04-24T19:30:00+00:00,416.0200000000002,416.61000000000024,415.5700000000002,416.49000000000024,1325
2026-04-24T19:45:00+00:00,416.49000000000024,417.2100000000002,416.24000000000024,417.1900000000002,1970
2026-04-27T13:30:00+00:00,417.1900000000002,417.8400000000002,409.16000000000014,412.6200000000002,2896.4561271987523
2026-04-27T13:45:00+00:00,412.6200000000002,413.63000000000017,411.3100000000002,411.91000000000014,3149
2026-04-27T14:00:00+00:00,411.91000000000014,412.8000000000002,411.67000000000013,412.4900000000002,2489
2026-04-27T14:15:00+00:00,412.4900000000002,416.72000000000014,412.48000000000013,416.6200000000002,2421
2026-04-27T14:30:00+00:00,416.6200000000002,416.66000000000014,414.6100000000001,415.41000000000014,2445
2026-04-27T14:45:00+00:00,415.41000000000014,415.95000000000016,414.7400000000002,415.72000000000014,2007
2026-04-27T15:00:00+00:00,415.72000000000014,416.07000000000016,413.3700000000002,413.84000000000015,2113
2026-04-27T15:15:00+00:00,413.84000000000015,414.9900000000002,413.3700000000002,414.97000000000014,1873
2026-04-27T15:30:00+00:00,414.97000000000014,415.00000000000017,414.07000000000016,414.5600000000002,1571
2026-04-27T15:45:00+00:00,414.5600000000002,415.1800000000002,413.6100000000001,414.19000000000017,1547
2026-04-27T16:00:00+00:00,414.19000000000017,415.58000000000015,414.19000000000017,415.51000000000016,1333
2026-04-27T16:15:00+00:00,415.51000000000016,416.07000000000016,415.42000000000013,415.66000000000014,1284
2026-04-27T16:30:00+00:00,415.66000000000014,416.2400000000002,415.21000000000015,415.92000000000013,1077
2026-04-27T16:45:00+00:00,415.92000000000013,416.47000000000014,415.6100000000001,416.47000000000014,1057
2026-04-27T17:00:00+00:00,416.47000000000014,416.9300000000002,416.01000000000016,416.90000000000015,1054
2026-04-27T17:15:00+00:00,416.90000000000015,417.20000000000016,416.3100000000002,417.00000000000017,1584
2026-04-27T17:30:00+00:00,417.00000000000017,417.88000000000017,416.9900000000002,417.73000000000013,1341
2026-04-27T17:45:00+00:00,417.73000000000013,417.96000000000015,417.5600000000002,417.69000000000017,1174
2026-04-27T18:00:00+00:00,417.69000000000017,418.69000000000017,417.5600000000002,418.60000000000014,1408
2026-04-27T18:15:00+00:00,418.60000000000014,418.88000000000017,417.94000000000017,418.66000000000014,1357
2026-04-27T18:30:00+00:00,418.66000000000014,419.07000000000016,418.17000000000013,418.6800000000002,1362
2026-04-27T18:45:00+00:00,418.6800000000002,418.75000000000017,417.60000000000014,417.96000000000015,1281
2026-04-27T19:00:00+00:00,417.96000000000015,418.10000000000014,416.3100000000002,416.53000000000014,1272
2026-04-27T19:15:00+00:00,416.53000000000014,417.21000000000015,416.3700000000002,416.67000000000013,1294
2026-04-27T19:30:00+00:00,416.67000000000013,418.21000000000015,416.59000000000015,417.91000000000014,1882
2026-04-27T19:45:00+00:00,417.91000000000014,418.0600000000002,416.19000000000017,417.10000000000014,2531
2026-04-28T13:30:00+00:00,417.10000000000014,417.10000000000014,413.96000000000015,415.75000000000017,2347
2026-04-28T13:45:00+00:00,415.75000000000017,420.08000000000015,415.45000000000016,418.70000000000016,2553
2026-04-28T14:00:00+00:00,418.70000000000016,419.17000000000013,417.52000000000015,417.52000000000015,1975
2026-04-28T14:15:00+00:00,417.52000000000015,418.96000000000015,416.96000000000015,418.45000000000016,1954
2026-04-28T14:30:00+00:00,418.45000000000016,419.01000000000016,417.02000000000015,417.60000000000014,2034
2026-04-28T14:45:00+00:00,417.60000000000014,418.3700000000002,416.91000000000014,417.8100000000002,2148
2026-04-28T15:00:00+00:00,417.8100000000002,418.8000000000002,417.32000000000016,418.5500000000002,1859
2026-04-28T15:15:00+00:00,418.5500000000002,418.73000000000013,417.35000000000014,417.82000000000016,1425
2026-04-28T15:30:00+00:00,417.82000000000016,418.67000000000013,417.6100000000001,418.23000000000013,1520
2026-04-28T15:45:00+00:00,418.23000000000013,419.73000000000013,418.07000000000016,419.73000000000013,1670
2026-04-28T16:00:00+00:00,419.73000000000013,420.5500000000002,418.8000000000002,419.8100000000002,1763
2026-04-28T16:15:00+00:00,419.8100000000002,420.64000000000016,419.51000000000016,420.47000000000014,1180
2026-04-28T16:30:00+00:00,420.47000000000014,420.70000000000016,419.39000000000016,419.84000000000015,1273
2026-04-28T16:45:00+00:00,419.84000000000015,421.07000000000016,419.82000000000016,420.59000000000015,1140
2026-04-28T17:00:00+00:00,420.59000000000015,421.17000000000013,419.58000000000015,419.96000000000015,1103
2026-04-28T17:15:00+00:00,419.96000000000015,421.07000000000016,419.8100000000002,420.70000000000016,1095
2026-04-28T17:30:00+00:00,420.70000000000016,421.09000000000015,419.70000000000016,419.8600000000001,1049
2026-04-28T17:45:00+00:00,419.8600000000001,420.3600000000001,419.57000000000016,419.8700000000002,965
2026-04-28T18:00:00+00:00,419.8700000000002,419.9300000000002,418.7400000000002,418.83000000000015,1209
2026-04-28T18:15:00+00:00,418.83000000000015,418.9900000000002,418.3600000000001,418.63000000000017,1209
2026-04-28T18:30:00+00:00,418.63000000000017,418.82000000000016,418.09000000000015,418.7400000000002,1150
2026-04-28T18:45:00+00:00,418.7400000000002,419.71000000000015,418.48000000000013,419.63000000000017,1279
2026-04-28T19:00:00+00:00,419.63000000000017,420.10000000000014,419.0600000000002,419.7400000000002,1251
2026-04-28T19:15:00+00:00,419.7400000000002,421.1200000000002,419.3700000000002,421.00000000000017,1575
2026-04-28T19:30:00+00:00,421.00000000000017,421.64000000000016,420.82000000000016,421.13000000000017,1945
2026-04-28T19:45:00+00:00,421.13000000000017,421.96000000000015,420.63000000000017,421.5500000000002,2548
2026-04-29T13:30:00+00:00,421.5500000000002,421.5500000000002,413.84000000000015,416.54000000000013,2839
2026-04-29T13:45:00+00:00,416.54000000000013,418.83000000000015,415.67000000000013,417.44000000000017,2406
2026-04-29T14:00:00+00:00,417.44000000000017,417.58000000000015,415.84000000000015,416.0500000000002,1989
2026-04-29T14:15:00+00:00,416.0500000000002,417.26000000000016,415.3100000000002,417.25000000000017,2055
2026-04-29T14:30:00+00:00,417.25000000000017,417.82000000000016,416.57000000000016,417.41000000000014,1948
2026-04-29T14:45:00+00:00,417.41000000000014,417.6200000000002,416.67000000000013,417.3800000000002,1820.206380705236
2026-04-29T15:00:00+00:00,417.3800000000002,417.9200000000002,416.2500000000002,416.3200000000002,1825
2026-04-29T15:15:00+00:00,416.3200000000002,417.0000000000002,416.1400000000002,416.5000000000002,1645
2026-04-29T15:30:00+00:00,416.5000000000002,417.3800000000002,416.2900000000002,416.68000000000023,1652
2026-04-29T15:45:00+00:00,416.68000000000023,417.2700000000002,415.7700000000002,416.3500000000002,1737
2026-04-29T16:00:00+00:00,416.3500000000002,416.8800000000002,416.2100000000002,416.3400000000002,1479
2026-04-29T16:15:00+00:00,416.3400000000002,416.5300000000002,413.86000000000024,414.1300000000002,1982
2026-04-29T16:30:00+00:00,414.1300000000002,414.31000000000023,412.3800000000002,414.2700000000002,1889
2026-04-29T16:45:00+00:00,414.2700000000002,414.9800000000002,413.9200000000002,414.5100000000002,1176
2026-04-29T17:00:00+00:00,414.5100000000002,414.87000000000023,414.0100000000002,414.2300000000002,1199
2026-04-29T17:15:00+00:00,414.2300000000002,415.2700000000002,414.12000000000023,415.2200000000002,1294
2026-04-29T17:30:00+00:00,415.2200000000002,416.0800000000002,415.0700000000002,416.0400000000002,1166
2026-04-29T17:45:00+00:00,416.0400000000002,416.24000000000024,415.1900000000002,415.4200000000002,1337
2026-04-29T18:00:00+00:00,415.4200000000002,415.49000000000024,414.62000000000023,415.1400000000002,1877
2026-04-29T18:15:00+00:00,415.1400000000002,416.3400000000002,414.9800000000002,415.7800000000002,1467
2026-04-29T18:30:00+00:00,415.7800000000002,415.9600000000002,415.12000000000023,415.61000000000024,1890
2026-04-29T18:45:00+00:00,415.61000000000024,417.2600000000002,415.3800000000002,417.0000000000002,1886
2026-04-29T19:00:00+00:00,417.0000000000002,417.5400000000002,416.2100000000002,416.8500000000002,1658
2026-04-29T19:15:00+00:00,416.8500000000002,417.3900000000002,416.6000000000002,417.0700000000002,1575
2026-04-29T19:30:00+00:00,417.0700000000002,417.3200000000002,415.3800000000002,415.4700000000002,1634
2026-04-29T19:45:00+00:00,415.4700000000002,417.0700000000002,415.2700000000002,417.0700000000002,2818
2026-04-30T13:30:00+00:00,417.0700000000002,417.0700000000002,400.4200000000002,401.8200000000002,4135
2026-04-30T13:45:00+00:00,401.8200000000002,402.4200000000002,395.8400000000002,397.0300000000002,3850
2026-04-30T14:00:00+00:00,397.0300000000002,397.6700000000002,392.8300000000002,395.9600000000002,3845
2026-04-30T14:15:00+00:00,395.9600000000002,395.9800000000002,392.24000000000024,393.7200000000002,3313
2026-04-30T14:30:00+00:00,393.7200000000002,396.3400000000002,393.2500000000002,396.1700000000002,2598
2026-04-30T14:45:00+00:00,396.1700000000002,398.5100000000002,396.1600000000002,398.2900000000002,2420
2026-04-30T15:00:00+00:00,398.2900000000002,399.0400000000002,396.6300000000002,396.6500000000002,2310
2026-04-30T15:15:00+00:00,396.6500000000002,397.1500000000002,395.0000000000002,395.1500000000002,2185
2026-04-30T15:30:00+00:00,395.1500000000002,395.9200000000002,393.7200000000002,395.1300000000002,2129
2026-04-30T15:45:00+00:00,395.1300000000002,395.6000000000002,394.6900000000002,394.8500000000002,1670
2026-04-30T16:00:00+00:00,394.8500000000002,395.5800000000002,394.18000000000023,394.93000000000023,1751
2026-04-30T16:15:00+00:00,394.93000000000023,395.11000000000024,392.9700000000002,393.05000000000024,1587
2026-04-30T16:30:00+00:00,393.05000000000024,393.7500000000002,391.7500000000002,392.2700000000002,1929
2026-04-30T16:45:00+00:00,392.2700000000002,392.4000000000002,390.12000000000023,391.1400000000002,2497
2026-04-30T17:00:00+00:00,391.1400000000002,392.8400000000002,391.11000000000024,392.3800000000002,1822
2026-04-30T17:15:00+00:00,392.3800000000002,393.0800000000002,391.6500000000002,392.99000000000024,1856
2026-04-30T17:30:00+00:00,392.99000000000024,394.0100000000002,392.99000000000024,393.4600000000002,1812
2026-04-30T17:45:00+00:00,393.4600000000002,395.0200000000002,393.3400000000002,394.6700000000002,1742
2026-04-30T18:00:00+00:00,394.6700000000002,397.0200000000002,394.6500000000002,396.6700000000002,1866
2026-04-30T18:15:00+00:00,396.6700000000002,398.2700000000002,396.5900000000002,398.2700000000002,1892
2026-04-30T18:30:00+00:00,398.2700000000002,399.9000000000002,398.1400000000002,399.2900000000002,1988
2026-04-30T18:45:00+00:00,399.2900000000002,400.2100000000002,398.55000000000024,399.5300000000002,1961
2026-04-30T19:00:00+00:00,399.5300000000002,399.9200000000002,398.81000000000023,399.2500000000002,1712
2026-04-30T19:15:00+00:00,399.2500000000002,401.0400000000002,398.9200000000002,400.3900000000002,1722
2026-04-30T19:30:00+00:00,400.3900000000002,401.5000000000002,400.12000000000023,401.3900000000002,1997
2026-04-30T19:45:00+00:00,401.3900000000002,402.2100000000002,399.5000000000002,400.2500000000002,3350
2026-05-01T13:30:00+00:00,400.2500000000002,408.3300000000002,400.2500000000002,405.6700000000002,3559
2026-05-01T13:45:00+00:00,405.6700000000002,408.2000000000002,404.05000000000024,404.2600000000002,2782
2026-05-01T14:00:00+00:00,404.2600000000002,405.2600000000002,402.5200000000002,404.8800000000002,2583
2026-05-01T14:15:00+00:00,404.8800000000002,405.12000000000023,402.6500000000002,404.3400000000002,1923
2026-05-01T14:30:00+00:00,404.3400000000002,406.1000000000002,403.1400000000002,404.0700000000002,2332
2026-05-01T14:45:00+00:00,404.0700000000002,406.22000000000025,403.8400000000002,406.15000000000026,1968.8501524611588
2026-05-01T15:00:00+00:00,406.15000000000026,406.48000000000025,405.18000000000023,406.3700000000003,1938
2026-05-01T15:15:00+00:00,406.3700000000003,406.84000000000026,405.53000000000026,406.6300000000003,1637
2026-05-01T15:30:00+00:00,406.6300000000003,408.58000000000027,406.48000000000025,407.83000000000027,1933
2026-05-01T15:45:00+00:00,407.83000000000027,409.18000000000023,407.60000000000025,407.92000000000024,1780
2026-05-01T16:00:00+00:00,407.92000000000024,408.35000000000025,405.79000000000025,405.96000000000026,1407
2026-05-01T16:15:00+00:00,405.96000000000026,406.4400000000003,405.09000000000026,406.3800000000003,1406
2026-05-01T16:30:00+00:00,406.3800000000003,406.59000000000026,405.55000000000024,405.66000000000025,1204
2026-05-01T16:45:00+00:00,405.66000000000025,405.85000000000025,404.8800000000003,405.30000000000024,1145
2026-05-01T17:00:00+00:00,405.30000000000024,406.34000000000026,405.18000000000023,406.08000000000027,1087
2026-05-01T17:15:00+00:00,406.08000000000027,406.74000000000024,405.84000000000026,406.60000000000025,1021
2026-05-01T17:30:00+00:00,406.60000000000025,407.1200000000003,406.02000000000027,406.74000000000024,1127
2026-05-01T17:45:00+00:00,406.74000000000024,407.46000000000026,406.43000000000023,407.29000000000025,1159
2026-05-01T18:00:00+00:00,407.29000000000025,408.09000000000026,407.1300000000003,407.4500000000003,1367
2026-05-01T18:15:00+00:00,407.4500000000003,408.11000000000024,407.3100000000003,407.65000000000026,1519
2026-05-01T18:30:00+00:00,407.65000000000026,407.65000000000026,406.89000000000027,407.04000000000025,1208
2026-05-01T18:45:00+00:00,407.04000000000025,407.35000000000025,406.53000000000026,406.9500000000003,1195
2026-05-01T19:00:00+00:00,406.9500000000003,407.8100000000003,406.7500000000003,407.7000000000003,1220
2026-05-01T19:15:00+00:00,407.7000000000003,408.43000000000023,407.22000000000025,408.34000000000026,1137
2026-05-01T19:30:00+00:00,408.34000000000026,409.18000000000023,407.8200000000003,408.33000000000027,1275
2026-05-01T19:45:00+00:00,408.33000000000027,408.52000000000027,405.53000000000026,406.65000000000026,1824
2026-05-04T13:30:00+00:00,406.65000000000026,413.2200000000003,406.09000000000026,412.1600000000003,2612.70277174201
2026-05-04T13:45:00+00:00,412.1600000000003,416.1400000000003,411.3600000000003,411.6500000000003,3173
2026-05-04T14:00:00+00:00,411.6500000000003,412.8800000000003,410.5400000000003,412.57000000000033,2598
2026-05-04T14:15:00+00:00,412.57000000000033,416.57000000000033,412.1500000000003,415.6600000000003,2732
2026-05-04T14:30:00+00:00,415.6600000000003,416.2500000000003,413.2500000000003,413.5000000000003,2438
2026-05-04T14:45:00+00:00,413.5000000000003,414.7100000000003,412.8300000000003,413.0900000000003,2293
2026-05-04T15:00:00+00:00,413.0900000000003,414.1700000000003,412.6300000000003,413.45000000000033,2519
2026-05-04T15:15:00+00:00,413.45000000000033,413.9000000000003,411.2800000000003,411.7100000000003,2962
2026-05-04T15:30:00+00:00,411.7100000000003,411.8400000000003,409.3800000000003,410.6000000000003,2685
2026-05-04T15:45:00+00:00,410.6000000000003,411.0000000000003,409.9400000000003,410.76000000000033,2409
2026-05-04T16:00:00+00:00,410.76000000000033,411.1200000000003,408.8400000000003,410.6100000000003,2753
2026-05-04T16:15:00+00:00,410.6100000000003,412.2400000000003,410.1800000000003,411.51000000000033,2523
2026-05-04T16:30:00+00:00,411.51000000000033,412.0800000000003,411.0800000000003,411.3400000000003,1973
2026-05-04T16:45:00+00:00,411.3400000000003,411.3700000000003,409.76000000000033,409.8600000000003,1853
2026-05-04T17:00:00+00:00,409.8600000000003,410.4000000000003,409.5300000000003,409.8100000000003,1934
2026-05-04T17:15:00+00:00,409.8100000000003,410.9700000000003,409.8100000000003,410.3700000000003,1763
2026-05-04T17:30:00+00:00,410.3700000000003,410.6900000000003,410.0600000000003,410.6200000000003,1246
2026-05-04T17:45:00+00:00,410.6200000000003,411.0000000000003,410.3500000000003,410.3500000000003,1143
2026-05-04T18:00:00+00:00,410.3500000000003,411.3600000000003,410.3300000000003,410.5400000000003,1245
2026-05-04T18:15:00+00:00,410.5400000000003,410.6300000000003,410.01000000000033,410.4800000000003,1352
2026-05-04T18:30:00+00:00,410.4800000000003,410.5900000000003,409.5900000000003,409.5900000000003,1190
2026-05-04T18:45:00+00:00,409.5900000000003,409.9000000000003,409.0300000000003,409.1500000000003,1458
2026-05-04T19:00:00+00:00,409.1500000000003,409.3100000000003,407.8900000000003,408.6200000000003,1839
2026-05-04T19:15:00+00:00,408.6200000000003,409.0500000000003,408.3300000000003,408.9700000000003,1255
2026-05-04T19:30:00+00:00,408.9700000000003,409.2700000000003,408.1400000000003,408.4700000000003,1542
2026-05-04T19:45:00+00:00,408.4700000000003,409.6000000000003,407.7400000000003,409.4700000000003,2579
2026-05-05T13:30:00+00:00,409.4700000000003,412.3000000000003,406.6600000000003,406.95000000000033,3048
2026-05-05T13:45:00+00:00,406.95000000000033,407.9800000000003,406.1300000000003,406.3600000000003,2791
2026-05-05T14:00:00+00:00,406.3600000000003,408.45000000000033,405.7100000000003,406.6300000000003,2646
2026-05-05T14:15:00+00:00,406.6300000000003,407.4700000000003,405.1800000000003,406.45000000000033,2634
2026-05-05T14:30:00+00:00,406.45000000000033,406.95000000000033,405.5500000000003,405.8500000000003,2251
2026-05-05T14:45:00+00:00,405.8500000000003,406.6800000000003,405.4900000000003,406.0800000000003,2179
2026-05-05T15:00:00+00:00,406.0800000000003,407.3400000000003,405.9400000000003,406.1100000000003,2045
2026-05-05T15:15:00+00:00,406.1100000000003,407.0800000000003,405.8400000000003,407.0800000000003,1641
2026-05-05T15:30:00+00:00,407.0800000000003,407.4000000000003,406.3100000000003,406.3500000000003,1697
2026-05-05T15:45:00+00:00,406.3500000000003,406.3800000000003,404.9700000000003,405.1500000000003,1579
2026-05-05T16:00:00+00:00,405.1500000000003,405.6400000000003,404.8400000000003,404.9100000000003,1607
2026-05-05T16:15:00+00:00,404.9100000000003,406.1300000000003,404.6300000000003,405.6300000000003,1603
2026-05-05T16:30:00+00:00,405.6300000000003,406.2400000000003,405.3300000000003,405.9000000000003,1497
2026-05-05T16:45:00+00:00,405.9000000000003,406.0600000000003,404.9400000000003,405.4600000000003,1222
2026-05-05T17:00:00+00:00,405.4600000000003,405.6500000000003,404.9000000000003,405.0500000000003,1049
2026-05-05T17:15:00+00:00,405.0500000000003,405.9700000000003,404.8500000000003,405.8500000000003,1179
2026-05-05T17:30:00+00:00,405.8500000000003,406.5800000000003,405.5300000000003,406.5800000000003,1160
2026-05-05T17:45:00+00:00,406.5800000000003,406.7500000000003,405.9600000000003,406.01000000000033,1017
2026-05-05T18:00:00+00:00,406.01000000000033,406.4900000000003,405.8400000000003,406.3300000000003,1174
2026-05-05T18:15:00+00:00,406.3300000000003,406.4700000000003,405.7300000000003,405.8300000000003,998
2026-05-05T18:30:00+00:00,405.8300000000003,406.5500000000003,405.4900000000003,406.5500000000003,1058
2026-05-05T18:45:00+00:00,406.5500000000003,407.1800000000003,406.5000000000003,406.9200000000003,1143
2026-05-05T19:00:00+00:00,406.9200000000003,408.2200000000003,406.7100000000003,408.1200000000003,1132
2026-05-05T19:15:00+00:00,408.1200000000003,409.1800000000003,407.9800000000003,408.4700000000003,1241
2026-05-05T19:30:00+00:00,408.4700000000003,408.57000000000033,407.7800000000003,407.95000000000033,1198
2026-05-05T19:45:00+00:00,407.95000000000033,408.0900000000003,406.8300000000003,407.1000000000003,2169
2026-05-06T13:30:00+00:00,407.1000000000003,407.1000000000003,400.9300000000003,403.0200000000003,3245
2026-05-06T13:45:00+00:00,403.0200000000003,406.3900000000003,402.2300000000003,405.6000000000003,2992
2026-05-06T14:00:00+00:00,405.6000000000003,408.2500000000003,405.5900000000003,407.7700000000003,2507
2026-05-06T14:15:00+00:00,407.7700000000003,412.2200000000003,407.76000000000033,411.6900000000003,2778
2026-05-06T14:30:00+00:00,411.6900000000003,414.0900000000003,410.6900000000003,411.9400000000003,2815
2026-05-06T14:45:00+00:00,411.9400000000003,411.9900000000003,409.95000000000033,410.7300000000003,1946.7299946294306
2026-05-06T15:00:00+00:00,410.7300000000003,411.1000000000003,409.7500000000003,409.9400000000003,1733
2026-05-06T15:15:00+00:00,409.9400000000003,410.4800000000003,408.9500000000003,409.27000000000027,1758
2026-05-06T15:30:00+00:00,409.27000000000027,410.90000000000026,409.14000000000027,410.6700000000003,1600
2026-05-06T15:45:00+00:00,410.6700000000003,412.08000000000027,410.27000000000027,410.96000000000026,1719
2026-05-06T16:00:00+00:00,410.96000000000026,411.5000000000003,410.6200000000003,410.6200000000003,1243
2026-05-06T16:15:00+00:00,410.6200000000003,410.9500000000003,409.65000000000026,410.0500000000003,1214
2026-05-06T16:30:00+00:00,410.0500000000003,410.1300000000003,408.1000000000003,408.7400000000003,1321
2026-05-06T16:45:00+00:00,408.7400000000003,409.0900000000003,408.0100000000003,408.4800000000003,1333
2026-05-06T17:00:00+00:00,408.4800000000003,409.3500000000003,408.2000000000003,409.02000000000027,1069
2026-05-06T17:15:00+00:00,409.02000000000027,409.33000000000027,408.65000000000026,409.2000000000003,1023
2026-05-06T17:30:00+00:00,409.2000000000003,409.4100000000003,408.1300000000003,408.6700000000003,972
2026-05-06T17:45:00+00:00,408.6700000000003,409.0700000000003,408.1800000000003,408.3000000000003,1132
2026-05-06T18:00:00+00:00,408.3000000000003,409.6300000000003,408.1000000000003,409.52000000000027,1214
2026-05-06T18:15:00+00:00,409.52000000000027,409.89000000000027,409.3600000000003,409.71000000000026,1064
2026-05-06T18:30:00+00:00,409.71000000000026,409.9500000000003,409.2300000000003,409.2300000000003,927
2026-05-06T18:45:00+00:00,409.2300000000003,409.6300000000003,408.9800000000003,409.14000000000027,987
2026-05-06T19:00:00+00:00,409.14000000000027,409.8800000000003,409.08000000000027,409.7600000000003,852
2026-05-06T19:15:00+00:00,409.7600000000003,410.1600000000003,408.8500000000003,409.1000000000003,1012
2026-05-06T19:30:00+00:00,409.1000000000003,409.1000000000003,408.4500000000003,408.8600000000003,962
2026-05-06T19:45:00+00:00,408.8600000000003,410.2500000000003,408.8000000000003,409.9500000000003,1885
2026-05-07T13:30:00+00:00,409.9500000000003,423.7500000000003,409.9500000000003,421.8500000000003,3185
2026-05-07T13:45:00+00:00,421.8500000000003,422.3100000000003,418.5000000000003,419.8800000000003,2345
2026-05-07T14:00:00+00:00,419.8800000000003,421.1600000000003,418.96000000000026,419.8800000000003,2003
2026-05-07T14:15:00+00:00,419.8800000000003,420.4100000000003,418.4100000000003,420.0700000000003,1767
2026-05-07T14:30:00+00:00,420.0700000000003,420.3400000000003,418.4500000000003,419.5400000000003,1464
2026-05-07T14:45:00+00:00,419.5400000000003,421.6900000000003,419.3000000000003,421.5500000000003,1782
2026-05-07T15:00:00+00:00,421.5500000000003,421.9500000000003,419.8500000000003,421.5400000000003,1749
2026-05-07T15:15:00+00:00,421.5400000000003,422.3400000000003,420.0000000000003,420.3100000000003,1474
2026-05-07T15:30:00+00:00,420.3100000000003,421.8500000000003,420.2400000000003,421.0700000000003,1431
2026-05-07T15:45:00+00:00,421.0700000000003,422.3500000000003,421.0500000000003,421.1000000000003,1646
2026-05-07T16:00:00+00:00,421.1000000000003,421.27000000000027,419.3000000000003,419.5000000000003,1464
2026-05-07T16:15:00+00:00,419.5000000000003,420.7800000000003,418.89000000000027,420.6600000000003,1397
2026-05-07T16:30:00+00:00,420.6600000000003,420.6600000000003,418.65000000000026,418.90000000000026,1251
2026-05-07T16:45:00+00:00,418.90000000000026,418.9100000000003,416.8800000000003,417.1300000000003,1301
2026-05-07T17:00:00+00:00,417.1300000000003,418.64000000000027,416.8700000000003,418.46000000000026,1327
2026-05-07T17:15:00+00:00,418.46000000000026,418.5900000000003,416.4700000000003,416.8500000000003,1470
2026-05-07T17:30:00+00:00,416.8500000000003,417.8100000000003,416.3000000000003,417.21000000000026,1320
2026-05-07T17:45:00+00:00,417.21000000000026,417.7900000000003,416.5400000000003,417.7900000000003,1292
2026-05-07T18:00:00+00:00,417.7900000000003,418.1000000000003,417.0000000000003,417.6800000000003,1152
2026-05-07T18:15:00+00:00,417.6800000000003,419.40000000000026,417.6800000000003,419.0000000000003,1024
2026-05-07T18:30:00+00:00,419.0000000000003,420.1000000000003,417.8500000000003,417.8700000000003,1305
2026-05-07T18:45:00+00:00,417.8700000000003,419.0600000000003,417.7400000000003,418.7400000000003,1350
2026-05-07T19:00:00+00:00,418.7400000000003,419.40000000000026,418.1900000000003,418.4500000000003,1103
2026-05-07T19:15:00+00:00,418.4500000000003,418.4500000000003,416.8500000000003,417.3400000000003,1231
2026-05-07T19:30:00+00:00,417.3400000000003,417.9200000000003,416.8600000000003,417.1600000000003,1327
2026-05-07T19:45:00+00:00,417.1600000000003,417.21000000000026,415.8700000000003,417.02000000000027,2316
2026-05-08T13:30:00+00:00,417.02000000000027,417.02000000000027,410.7600000000003,412.2600000000003,2808
2026-05-08T13:45:00+00:00,412.2600000000003,414.4300000000003,411.5500000000003,412.1600000000003,2318
2026-05-08T14:00:00+00:00,412.1600000000003,413.3400000000003,411.5100000000003,412.8200000000003,2128
2026-05-08T14:15:00+00:00,412.8200000000003,413.4900000000003,411.15000000000026,411.6600000000003,2146
2026-05-08T14:30:00+00:00,411.6600000000003,411.6600000000003,410.1900000000003,410.7600000000003,2326
2026-05-08T14:45:00+00:00,410.7600000000003,412.4200000000003,410.40000000000026,412.2800000000003,1790.8150896722325
2026-05-08T15:00:00+00:00,412.2800000000003,413.05000000000035,412.1700000000003,412.7900000000003,1771
2026-05-08T15:15:00+00:00,412.7900000000003,412.8900000000003,411.61000000000035,412.7300000000003,1761
2026-05-08T15:30:00+00:00,412.7300000000003,412.99000000000035,411.38000000000034,412.7100000000003,1550
2026-05-08T15:45:00+00:00,412.7100000000003,412.9700000000003,411.4600000000003,411.74000000000035,1382
2026-05-08T16:00:00+00:00,411.74000000000035,412.4700000000003,411.2100000000003,412.25000000000034,1215
2026-05-08T16:15:00+00:00,412.25000000000034,412.3300000000003,411.62000000000035,411.7200000000003,1205
2026-05-08T16:30:00+00:00,411.7200000000003,411.80000000000035,411.2700000000003,411.6700000000003,1121
2026-05-08T16:45:00+00:00,411.6700000000003,412.7200000000003,411.6500000000003,412.0300000000003,1067
2026-05-08T17:00:00+00:00,412.0300000000003,412.49000000000035,411.7800000000003,412.3400000000003,1050
2026-05-08T17:15:00+00:00,412.3400000000003,413.24000000000035,412.2700000000003,413.0300000000003,1104
2026-05-08T17:30:00+00:00,413.0300000000003,413.1600000000003,411.9200000000003,411.95000000000033,903
2026-05-08T17:45:00+00:00,411.95000000000033,412.01000000000033,411.4700000000003,411.63000000000034,903
2026-05-08T18:00:00+00:00,411.63000000000034,412.2200000000003,411.2800000000003,411.4100000000003,1118
2026-05-08T18:15:00+00:00,411.4100000000003,411.9700000000003,411.2300000000003,411.8900000000003,948
2026-05-08T18:30:00+00:00,411.8900000000003,411.99000000000035,411.1700000000003,411.1700000000003,1046
2026-05-08T18:45:00+00:00,411.1700000000003,411.4600000000003,410.4800000000003,410.68000000000035,1116
2026-05-08T19:00:00+00:00,410.68000000000035,411.07000000000033,410.3300000000003,410.5300000000003,1135
2026-05-08T19:15:00+00:00,410.5300000000003,410.7700000000003,410.06000000000034,410.69000000000034,1208
2026-05-08T19:30:00+00:00,410.69000000000034,410.7700000000003,409.87000000000035,410.1600000000003,1292
2026-05-08T19:45:00+00:00,410.1600000000003,411.7900000000003,410.1000000000003,411.12000000000035,2121
2026-05-11T13:30:00+00:00,411.12000000000035,414.01000000000033,406.75000000000034,407.2800000000003,2299.8946639721735
2026-05-11T13:45:00+00:00,407.2800000000003,408.44000000000034,406.01000000000033,407.9000000000003,2509
2026-05-11T14:00:00+00:00,407.9000000000003,408.68000000000035,407.45000000000033,407.92000000000036,2152
2026-05-11T14:15:00+00:00,407.92000000000036,409.43000000000035,407.43000000000035,408.68000000000035,1806
2026-05-11T14:30:00+00:00,408.68000000000035,409.0900000000003,407.7100000000003,408.63000000000034,1731
2026-05-11T14:45:00+00:00,408.63000000000034,408.63000000000034,407.00000000000034,407.44000000000034,1769
2026-05-11T15:00:00+00:00,407.44000000000034,407.99000000000035,407.01000000000033,407.1500000000003,1608
2026-05-11T15:15:00+00:00,407.1500000000003,410.26000000000033,407.13000000000034,409.9100000000003,1863
2026-05-11T15:30:00+00:00,409.9100000000003,409.9100000000003,408.36000000000035,408.95000000000033,1421
2026-05-11T15:45:00+00:00,408.95000000000033,408.95000000000033,408.1600000000003,408.37000000000035,1335
2026-05-11T16:00:00+00:00,408.37000000000035,408.80000000000035,408.25000000000034,408.57000000000033,1109
2026-05-11T16:15:00+00:00,408.57000000000033,409.17000000000036,408.25000000000034,408.94000000000034,1166
2026-05-11T16:30:00+00:00,408.94000000000034,409.20000000000033,408.06000000000034,408.0900000000003,1434
2026-05-11T16:45:00+00:00,408.0900000000003,408.62000000000035,407.5200000000003,407.6000000000003,1305
2026-05-11T17:00:00+00:00,407.6000000000003,407.7100000000003,406.8400000000003,406.9000000000003,1468
2026-05-11T17:15:00+00:00,406.9000000000003,407.6500000000003,406.6400000000003,407.1000000000003,1191
2026-05-11T17:30:00+00:00,407.1000000000003,409.18000000000035,407.1000000000003,409.17000000000036,1314
2026-05-11T17:45:00+00:00,409.17000000000036,409.4700000000003,408.55000000000035,409.07000000000033,1365
2026-05-11T18:00:00+00:00,409.07000000000033,409.9700000000003,408.94000000000034,409.30000000000035,1260
2026-05-11T18:15:00+00:00,409.30000000000035,409.87000000000035,409.2800000000003,409.4000000000003,1226
2026-05-11T18:30:00+00:00,409.4000000000003,409.4000000000003,408.3500000000003,408.4700000000003,1049
2026-05-11T18:45:00+00:00,408.4700000000003,409.1400000000003,408.1500000000003,408.4000000000003,1322
2026-05-11T19:00:00+00:00,408.4000000000003,408.6000000000003,407.75000000000034,408.4700000000003,1190
2026-05-11T19:15:00+00:00,408.4700000000003,409.61000000000035,408.3500000000003,409.57000000000033,1249
2026-05-11T19:30:00+00:00,409.57000000000033,410.2800000000003,409.30000000000035,409.8500000000003,1418
2026-05-11T19:45:00+00:00,409.8500000000003,410.75000000000034,409.80000000000035,410.75000000000034,1724
2026-05-12T13:30:00+00:00,410.75000000000034,413.3500000000003,405.25000000000034,406.82000000000033,2652
2026-05-12T13:45:00+00:00,406.82000000000033,407.07000000000033,404.68000000000035,406.3400000000003,2646
2026-05-12T14:00:00+00:00,406.3400000000003,407.4700000000003,405.19000000000034,407.18000000000035,2200
2026-05-12T14:15:00+00:00,407.18000000000035,408.6400000000003,406.9700000000003,407.06000000000034,2047
2026-05-12T14:30:00+00:00,407.06000000000034,407.25000000000034,406.1500000000003,406.55000000000035,2312
2026-05-12T14:45:00+00:00,406.55000000000035,407.6400000000003,406.3500000000003,406.48000000000036,1544
2026-05-12T15:00:00+00:00,406.48000000000036,406.8900000000003,405.9000000000003,406.73000000000036,1500
2026-05-12T15:15:00+00:00,406.73000000000036,406.8500000000003,405.87000000000035,406.3500000000003,1722
2026-05-12T15:30:00+00:00,406.3500000000003,406.50000000000034,405.44000000000034,405.57000000000033,1343
2026-05-12T15:45:00+00:00,405.57000000000033,406.87000000000035,405.4600000000003,406.63000000000034,1216
2026-05-12T16:00:00+00:00,406.63000000000034,407.42000000000036,406.18000000000035,407.29000000000036,1171
2026-05-12T16:15:00+00:00,407.29000000000036,407.92000000000036,407.1400000000003,407.50000000000034,1024
2026-05-12T16:30:00+00:00,407.50000000000034,408.4700000000003,406.95000000000033,408.30000000000035,1360
2026-05-12T16:45:00+00:00,408.30000000000035,408.37000000000035,406.75000000000034,406.99000000000035,1282
2026-05-12T17:00:00+00:00,406.99000000000035,407.26000000000033,406.05000000000035,406.11000000000035,1059
2026-05-12T17:15:00+00:00,406.11000000000035,407.4000000000003,405.80000000000035,406.82000000000033,1192
2026-05-12T17:30:00+00:00,406.82000000000033,407.6600000000003,406.6000000000003,407.23000000000036,1192
2026-05-12T17:45:00+00:00,407.23000000000036,407.36000000000035,406.6500000000003,406.86000000000035,900
2026-05-12T18:00:00+00:00,406.86000000000035,407.07000000000033,406.3900000000003,406.55000000000035,1009
2026-05-12T18:15:00+00:00,406.55000000000035,406.7700000000003,405.95000000000033,406.29000000000036,1088
2026-05-12T18:30:00+00:00,406.29000000000036,406.51000000000033,405.30000000000035,405.82000000000033,1189
2026-05-12T18:45:00+00:00,405.82000000000033,406.76000000000033,405.56000000000034,406.4600000000003,1354
2026-05-12T19:00:00+00:00,406.4600000000003,406.63000000000034,405.7700000000003,406.49000000000035,1247
2026-05-12T19:15:00+00:00,406.49000000000035,407.06000000000034,406.05000000000035,407.01000000000033,1087
2026-05-12T19:30:00+00:00,407.01000000000033,407.01000000000033,405.4100000000003,405.9100000000003,1122
2026-05-12T19:45:00+00:00,405.9100000000003,406.56000000000034,405.2100000000003,405.55000000000035,2129
2026-05-13T13:30:00+00:00,405.55000000000035,405.55000000000035,399.07000000000033,400.29000000000036,2447
2026-05-13T13:45:00+00:00,400.29000000000036,400.9600000000003,399.20000000000033,400.67000000000036,1979
2026-05-13T14:00:00+00:00,400.67000000000036,402.4700000000003,400.25000000000034,402.3300000000003,1779
2026-05-13T14:15:00+00:00,402.3300000000003,402.50000000000034,401.0800000000003,401.0800000000003,1457
2026-05-13T14:30:00+00:00,401.0800000000003,401.26000000000033,400.0900000000003,400.5800000000003,1532
2026-05-13T14:45:00+00:00,400.5800000000003,401.32000000000033,400.1500000000003,401.13000000000034,1581.8905620992991
2026-05-13T15:00:00+00:00,401.13000000000034,402.29000000000036,401.04000000000036,402.16000000000037,1551
2026-05-13T15:15:00+00:00,402.16000000000037,402.18000000000035,400.9000000000004,401.36000000000035,1178
2026-05-13T15:30:00+00:00,401.36000000000035,403.22000000000037,401.0900000000004,403.17000000000036,1326
2026-05-13T15:45:00+00:00,403.17000000000036,403.2100000000004,402.0900000000004,402.32000000000033,1428
2026-05-13T16:00:00+00:00,402.32000000000033,403.3900000000003,402.19000000000034,403.30000000000035,1203
2026-05-13T16:15:00+00:00,403.30000000000035,403.94000000000034,402.8900000000003,403.70000000000033,1322
2026-05-13T16:30:00+00:00,403.70000000000033,404.24000000000035,403.45000000000033,403.69000000000034,1157
2026-05-13T16:45:00+00:00,403.69000000000034,404.37000000000035,403.29000000000036,403.75000000000034,1210
2026-05-13T17:00:00+00:00,403.75000000000034,403.97000000000037,402.85000000000036,403.03000000000037,1239
2026-05-13T17:15:00+00:00,403.03000000000037,403.0900000000004,402.13000000000034,402.16000000000037,1154
2026-05-13T17:30:00+00:00,402.16000000000037,402.42000000000036,401.79000000000036,402.3300000000004,1100
2026-05-13T17:45:00+00:00,402.3300000000004,402.53000000000037,401.91000000000037,401.94000000000034,987
2026-05-13T18:00:00+00:00,401.94000000000034,402.66000000000037,401.87000000000035,402.5800000000004,1161
2026-05-13T18:15:00+00:00,402.5800000000004,403.41000000000037,402.5800000000004,403.3900000000003,1105
2026-05-13T18:30:00+00:00,403.3900000000003,404.24000000000035,403.19000000000034,403.51000000000033,1171
2026-05-13T18:45:00+00:00,403.51000000000033,403.85000000000036,403.0200000000004,403.05000000000035,1259
2026-05-13T19:00:00+00:00,403.05000000000035,403.5200000000004,402.97000000000037,403.4000000000004,1073
2026-05-13T19:15:00+00:00,403.4000000000004,403.69000000000034,402.48000000000036,402.5900000000004,1074
2026-05-13T19:30:00+00:00,402.5900000000004,403.9600000000004,402.3900000000003,403.45000000000033,1224
2026-05-13T19:45:00+00:00,403.45000000000033,403.5800000000004,402.79000000000036,403.38000000000034,2014
2026-05-14T13:30:00+00:00,403.38000000000034,403.53000000000037,398.97000000000037,400.5900000000004,2458
2026-05-14T13:45:00+00:00,400.5900000000004,402.38000000000034,400.3400000000004,400.92000000000036,1655
2026-05-14T14:00:00+00:00,400.92000000000036,403.35000000000036,400.9000000000004,402.78000000000037,1703
2026-05-14T14:15:00+00:00,402.78000000000037,407.00000000000034,402.66000000000037,406.91000000000037,2206
2026-05-14T14:30:00+00:00,406.91000000000037,407.42000000000036,404.99000000000035,406.19000000000034,2092
2026-05-14T14:45:00+00:00,406.19000000000034,408.3400000000004,405.91000000000037,407.51000000000033,2044
2026-05-14T15:00:00+00:00,407.51000000000033,409.29000000000036,407.3400000000004,408.9000000000004,1681
2026-05-14T15:15:00+00:00,408.9000000000004,409.67000000000036,408.63000000000034,409.41000000000037,1688
2026-05-14T15:30:00+00:00,409.41000000000037,409.8900000000003,407.17000000000036,407.63000000000034,1798
2026-05-14T15:45:00+00:00,407.63000000000034,407.66000000000037,406.98000000000036,407.03000000000037,1351
2026-05-14T16:00:00+00:00,407.03000000000037,407.55000000000035,405.8900000000003,405.8900000000003,1241
2026-05-14T16:15:00+00:00,405.8900000000003,406.3300000000004,405.3400000000004,405.7100000000004,1226
2026-05-14T16:30:00+00:00,405.7100000000004,406.76000000000033,405.3900000000003,406.56000000000034,1255
2026-05-14T16:45:00+00:00,406.56000000000034,406.82000000000033,405.3900000000003,406.0900000000004,1061
2026-05-14T17:00:00+00:00,406.0900000000004,406.72000000000037,405.8900000000003,406.48000000000036,1019
2026-05-14T17:15:00+00:00,406.48000000000036,407.11000000000035,406.19000000000034,407.11000000000035,1766
2026-05-14T17:30:00+00:00,407.11000000000035,407.56000000000034,406.3400000000004,407.01000000000033,1463
2026-05-14T17:45:00+00:00,407.01000000000033,407.92000000000036,406.98000000000036,407.85000000000036,970
2026-05-14T18:00:00+00:00,407.85000000000036,407.9000000000004,407.0900000000004,407.45000000000033,1100
2026-05-14T18:15:00+00:00,407.45000000000033,407.99000000000035,407.0900000000004,407.28000000000037,930
2026-05-14T18:30:00+00:00,407.28000000000037,407.54000000000036,406.74000000000035,406.75000000000034,975
2026-05-14T18:45:00+00:00,406.75000000000034,407.24000000000035,406.55000000000035,407.00000000000034,1430
2026-05-14T19:00:00+00:00,407.00000000000034,407.8400000000004,406.93000000000035,407.61000000000035,1298
2026-05-14T19:15:00+00:00,407.61000000000035,407.86000000000035,406.93000000000035,407.0800000000004,1402
2026-05-14T19:30:00+00:00,407.0800000000004,407.75000000000034,406.93000000000035,407.43000000000035,1192
2026-05-14T19:45:00+00:00,407.43000000000035,407.7100000000004,406.9600000000004,407.60000000000036,1909
2026-05-15T13:30:00+00:00,407.60000000000036,416.28000000000037,407.60000000000036,413.20000000000033,2945
2026-05-15T13:45:00+00:00,413.20000000000033,414.50000000000034,411.5900000000004,413.4600000000004,2374
2026-05-15T14:00:00+00:00,413.4600000000004,416.29000000000036,413.4000000000004,414.6400000000003,2297
2026-05-15T14:15:00+00:00,414.6400000000003,417.13000000000034,414.29000000000036,416.36000000000035,2280
2026-05-15T14:30:00+00:00,416.36000000000035,422.07000000000033,416.36000000000035,422.07000000000033,3253
2026-05-15T14:45:00+00:00,422.07000000000033,424.36000000000035,419.8900000000003,422.4100000000003,2937.180299785867
2026-05-15T15:00:00+00:00,422.4100000000003,422.9600000000003,420.76000000000033,421.2700000000003,2211
2026-05-15T15:15:00+00:00,421.2700000000003,422.6700000000003,421.0500000000003,421.2900000000003,2004
2026-05-15T15:30:00+00:00,421.2900000000003,421.6400000000003,418.8200000000003,418.9600000000003,1955
2026-05-15T15:45:00+00:00,418.9600000000003,419.8100000000003,418.5300000000003,419.7800000000003,1951
2026-05-15T16:00:00+00:00,419.7800000000003,422.01000000000033,419.6800000000003,421.7800000000003,1782
2026-05-15T16:15:00+00:00,421.7800000000003,424.4000000000003,421.3200000000003,424.0000000000003,2224
2026-05-15T16:30:00+00:00,424.0000000000003,424.3000000000003,421.7200000000003,421.8900000000003,1935
2026-05-15T16:45:00+00:00,421.8900000000003,423.0800000000003,421.7400000000003,422.8400000000003,1635
2026-05-15T17:00:00+00:00,422.8400000000003,422.9900000000003,421.8100000000003,422.95000000000033,1398
2026-05-15T17:15:00+00:00,422.95000000000033,424.3400000000003,422.5300000000003,423.9200000000003,1711
2026-05-15T17:30:00+00:00,423.9200000000003,425.7500000000003,423.8600000000003,425.3000000000003,2061
2026-05-15T17:45:00+00:00,425.3000000000003,426.1700000000003,425.0300000000003,425.8300000000003,1862
2026-05-15T18:00:00+00:00,425.8300000000003,426.0800000000003,424.6100000000003,425.0800000000003,2549
2026-05-15T18:15:00+00:00,425.0800000000003,425.2100000000003,423.7300000000003,423.8400000000003,1870
2026-05-15T18:30:00+00:00,423.8400000000003,424.4200000000003,423.0700000000003,424.1200000000003,1566
2026-05-15T18:45:00+00:00,424.1200000000003,424.20000000000033,422.5200000000003,422.70000000000033,1615
2026-05-15T19:00:00+00:00,422.70000000000033,423.1200000000003,422.26000000000033,422.4300000000003,1361
2026-05-15T19:15:00+00:00,422.4300000000003,422.5900000000003,421.7300000000003,421.7800000000003,1592
2026-05-15T19:30:00+00:00,421.7800000000003,422.8900000000003,421.4600000000003,421.8600000000003,1624
2026-05-15T19:45:00+00:00,421.8600000000003,422.0600000000003,418.6200000000003,420.3500000000003,2358
2026-05-18T13:30:00+00:00,420.3500000000003,425.3700000000004,420.3500000000003,421.41000000000037,2117.983855627315
2026-05-18T13:45:00+00:00,421.41000000000037,424.7700000000004,420.8300000000004,424.53000000000037,2347
2026-05-18T14:00:00+00:00,424.53000000000037,425.48000000000036,422.9000000000004,424.61000000000035,2148
2026-05-18T14:15:00+00:00,424.61000000000035,425.9600000000004,423.17000000000036,423.67000000000036,2035
2026-05-18T14:30:00+00:00,423.67000000000036,424.0800000000004,420.85000000000036,423.8300000000004,2052
2026-05-18T14:45:00+00:00,423.8300000000004,424.0600000000004,420.73000000000036,420.85000000000036,1714
2026-05-18T15:00:00+00:00,420.85000000000036,421.12000000000035,419.62000000000035,419.87000000000035,1709
2026-05-18T15:15:00+00:00,419.87000000000035,420.0700000000004,418.8200000000004,419.1300000000004,1689
2026-05-18T15:30:00+00:00,419.1300000000004,420.18000000000035,418.8800000000004,419.0000000000004,1476
2026-05-18T15:45:00+00:00,419.0000000000004,420.47000000000037,418.92000000000036,420.37000000000035,1365
2026-05-18T16:00:00+00:00,420.37000000000035,421.3300000000004,419.8300000000004,421.05000000000035,1445
2026-05-18T16:15:00+00:00,421.05000000000035,421.53000000000037,419.42000000000036,419.5900000000004,1561
2026-05-18T16:30:00+00:00,419.5900000000004,421.98000000000036,419.5900000000004,420.87000000000035,1610
2026-05-18T16:45:00+00:00,420.87000000000035,422.99000000000035,420.8400000000004,422.2500000000004,1382
2026-05-18T17:00:00+00:00,422.2500000000004,423.72000000000037,421.87000000000035,423.35000000000036,1381
2026-05-18T17:15:00+00:00,423.35000000000036,424.8300000000004,423.28000000000037,424.7000000000004,1410
2026-05-18T17:30:00+00:00,424.7000000000004,426.0900000000004,424.1300000000004,425.8800000000004,1753
2026-05-18T17:45:00+00:00,425.8800000000004,426.87000000000035,425.53000000000037,426.0800000000004,1718
2026-05-18T18:00:00+00:00,426.0800000000004,426.4400000000004,424.97000000000037,424.97000000000037,1624
2026-05-18T18:15:00+00:00,424.97000000000037,425.80000000000035,424.6300000000004,425.5600000000004,1748
2026-05-18T18:30:00+00:00,425.5600000000004,425.9500000000004,423.93000000000035,424.0100000000004,1631
2026-05-18T18:45:00+00:00,424.0100000000004,424.67000000000036,422.7100000000004,422.8200000000004,1751
2026-05-18T19:00:00+00:00,422.8200000000004,425.4500000000004,422.72000000000037,424.3100000000004,1922
2026-05-18T19:15:00+00:00,424.3100000000004,424.48000000000036,423.3300000000004,424.24000000000035,1482
2026-05-18T19:30:00+00:00,424.24000000000035,425.22000000000037,423.8200000000004,424.17000000000036,1435
2026-05-18T19:45:00+00:00,424.17000000000036,425.5900000000004,423.74000000000035,425.53000000000037,1912
2026-05-19T13:30:00+00:00,425.53000000000037,434.4500000000004,425.53000000000037,426.9500000000004,3012
2026-05-19T13:45:00+00:00,426.9500000000004,432.7000000000004,426.8200000000004,430.97000000000037,2711
2026-05-19T14:00:00+00:00,430.97000000000037,431.5000000000004,427.1300000000004,427.16000000000037,2069
2026-05-19T14:15:00+00:00,427.16000000000037,428.53000000000037,426.5200000000004,426.73000000000036,2156
2026-05-19T14:30:00+00:00,426.73000000000036,427.74000000000035,425.5700000000004,425.5700000000004,2030
2026-05-19T14:45:00+00:00,425.5700000000004,425.7700000000004,424.3200000000004,425.35000000000036,1855
2026-05-19T15:00:00+00:00,425.35000000000036,425.6500000000004,423.6500000000004,425.28000000000037,1814
2026-05-19T15:15:00+00:00,425.28000000000037,425.4000000000004,422.74000000000035,422.7600000000004,1639
2026-05-19T15:30:00+00:00,422.7600000000004,423.8800000000004,421.87000000000035,421.99000000000035,1769
2026-05-19T15:45:00+00:00,421.99000000000035,422.10000000000036,420.73000000000036,421.0800000000004,1538
2026-05-19T16:00:00+00:00,421.0800000000004,421.8400000000004,419.87000000000035,420.68000000000035,1424
2026-05-19T16:15:00+00:00,420.68000000000035,421.5200000000004,419.47000000000037,419.48000000000036,1363
2026-05-19T16:30:00+00:00,419.48000000000036,420.10000000000036,418.92000000000036,419.5200000000004,1455
2026-05-19T16:45:00+00:00,419.5200000000004,420.8800000000004,419.0600000000004,420.2100000000004,1353
2026-05-19T17:00:00+00:00,420.2100000000004,421.2700000000004,420.0000000000004,420.05000000000035,1182
2026-05-19T17:15:00+00:00,420.05000000000035,420.74000000000035,419.03000000000037,420.5900000000004,1217
2026-05-19T17:30:00+00:00,420.5900000000004,421.6400000000004,420.43000000000035,421.5100000000004,1234
2026-05-19T17:45:00+00:00,421.5100000000004,421.53000000000037,420.3300000000004,420.9500000000004,1159
2026-05-19T18:00:00+00:00,420.9500000000004,421.0100000000004,420.12000000000035,420.1400000000004,972
2026-05-19T18:15:00+00:00,420.1400000000004,421.3900000000004,420.05000000000035,420.85000000000036,1005
2026-05-19T18:30:00+00:00,420.85000000000036,421.6300000000004,420.72000000000037,420.99000000000035,1073
2026-05-19T18:45:00+00:00,420.99000000000035,420.99000000000035,419.8200000000004,420.3100000000004,1166
2026-05-19T19:00:00+00:00,420.3100000000004,420.9000000000004,419.86000000000035,420.4500000000004,1218
2026-05-19T19:15:00+00:00,420.4500000000004,420.6500000000004,419.37000000000035,419.8400000000004,1081
2026-05-19T19:30:00+00:00,419.8400000000004,420.2600000000004,419.4400000000004,419.54000000000036,1111
2026-05-19T19:45:00+00:00,419.54000000000036,419.6500000000004,418.2500000000004,419.6500000000004,2447
2026-05-20T13:30:00+00:00,419.6500000000004,419.6500000000004,413.1300000000004,414.04000000000036,2839
2026-05-20T13:45:00+00:00,414.04000000000036,416.5600000000004,413.87000000000035,414.6900000000004,2028
2026-05-20T14:00:00+00:00,414.6900000000004,415.60000000000036,413.42000000000036,414.9500000000004,1886
2026-05-20T14:15:00+00:00,414.9500000000004,416.86000000000035,413.72000000000037,415.5200000000004,1929
2026-05-20T14:30:00+00:00,415.5200000000004,416.48000000000036,415.5200000000004,415.92000000000036,1532
2026-05-20T14:45:00+00:00,415.92000000000036,418.28000000000037,415.8200000000004,417.91000000000037,1612.9418934240362
2026-05-20T15:00:00+00:00,417.91000000000037,418.26000000000033,416.95000000000033,418.20000000000033,1605
2026-05-20T15:15:00+00:00,418.20000000000033,419.70000000000033,417.99000000000035,418.1400000000003,2073
2026-05-20T15:30:00+00:00,418.1400000000003,419.03000000000037,418.1400000000003,419.00000000000034,1487
2026-05-20T15:45:00+00:00,419.00000000000034,419.31000000000034,418.2100000000004,418.97000000000037,1404
2026-05-20T16:00:00+00:00,418.97000000000037,419.91000000000037,418.93000000000035,419.36000000000035,1135
2026-05-20T16:15:00+00:00,419.36000000000035,420.9600000000004,418.78000000000037,420.19000000000034,1712
2026-05-20T16:30:00+00:00,420.19000000000034,420.19000000000034,418.79000000000036,419.74000000000035,1420
2026-05-20T16:45:00+00:00,419.74000000000035,420.1500000000004,418.66000000000037,419.50000000000034,1616
2026-05-20T17:00:00+00:00,419.50000000000034,421.29000000000036,419.17000000000036,421.24000000000035,1514
2026-05-20T17:15:00+00:00,421.24000000000035,421.42000000000036,420.48000000000036,421.06000000000034,1184
2026-05-20T17:30:00+00:00,421.06000000000034,422.91000000000037,420.9000000000004,422.70000000000033,1435
2026-05-20T17:45:00+00:00,422.70000000000033,422.91000000000037,421.79000000000036,421.9600000000004,1220
2026-05-20T18:00:00+00:00,421.9600000000004,421.9600000000004,420.66000000000037,421.4000000000004,1233
2026-05-20T18:15:00+00:00,421.4000000000004,422.36000000000035,421.4000000000004,422.19000000000034,1121
2026-05-20T18:30:00+00:00,422.19000000000034,422.43000000000035,421.60000000000036,421.68000000000035,1218
2026-05-20T18:45:00+00:00,421.68000000000035,422.03000000000037,421.32000000000033,421.5800000000003,1053
2026-05-20T19:00:00+00:00,421.5800000000003,421.81000000000034,420.98000000000036,421.61000000000035,1021
2026-05-20T19:15:00+00:00,421.61000000000035,422.25000000000034,421.49000000000035,422.25000000000034,1053
2026-05-20T19:30:00+00:00,422.25000000000034,423.1500000000004,421.99000000000035,423.12000000000035,1295
2026-05-20T19:45:00+00:00,423.12000000000035,423.7700000000004,422.28000000000037,422.79000000000036,2188
2026-05-21T13:30:00+00:00,422.79000000000036,427.91000000000037,421.35000000000036,421.81000000000034,2380
2026-05-21T13:45:00+00:00,421.81000000000034,423.04000000000036,419.7700000000004,420.30000000000035,2003
2026-05-21T14:00:00+00:00,420.30000000000035,421.01000000000033,419.29000000000036,419.62000000000035,1949
2026-05-21T14:15:00+00:00,419.62000000000035,419.80000000000035,417.48000000000036,419.04000000000036,2083
2026-05-21T14:30:00+00:00,419.04000000000036,419.38000000000034,418.04000000000036,419.03000000000037,1618
2026-05-21T14:45:00+00:00,419.03000000000037,420.6500000000004,418.5800000000003,420.38000000000034,1446
2026-05-21T15:00:00+00:00,420.38000000000034,420.6400000000003,418.87000000000035,419.57000000000033,1489
2026-05-21T15:15:00+00:00,419.57000000000033,420.75000000000034,419.57000000000033,420.48000000000036,1512
2026-05-21T15:30:00+00:00,420.48000000000036,420.79000000000036,419.7100000000004,420.0200000000004,1342
2026-05-21T15:45:00+00:00,420.0200000000004,420.30000000000035,419.78000000000037,419.98000000000036,1202
2026-05-21T16:00:00+00:00,419.98000000000036,420.2700000000004,418.69000000000034,419.13000000000034,1548
2026-05-21T16:15:00+00:00,419.13000000000034,419.66000000000037,418.78000000000037,418.88000000000034,1287
2026-05-21T16:30:00+00:00,418.88000000000034,419.31000000000034,418.48000000000036,418.55000000000035,1271
2026-05-21T16:45:00+00:00,418.55000000000035,418.79000000000036,417.99000000000035,418.00000000000034,1121
2026-05-21T17:00:00+00:00,418.00000000000034,419.25000000000034,417.78000000000037,418.93000000000035,1493
2026-05-21T17:15:00+00:00,418.93000000000035,419.7700000000004,418.3900000000003,419.1400000000003,1591
2026-05-21T17:30:00+00:00,419.1400000000003,420.67000000000036,419.10000000000036,420.0200000000004,1409
2026-05-21T17:45:00+00:00,420.0200000000004,422.03000000000037,419.85000000000036,420.93000000000035,1290
2026-05-21T18:00:00+00:00,420.93000000000035,421.06000000000034,419.78000000000037,419.78000000000037,1204
2026-05-21T18:15:00+00:00,419.78000000000037,420.74000000000035,419.3300000000003,420.70000000000033,1198
2026-05-21T18:30:00+00:00,420.70000000000033,421.51000000000033,420.28000000000037,421.38000000000034,1121
2026-05-21T18:45:00+00:00,421.38000000000034,421.56000000000034,419.78000000000037,420.28000000000037,1361
2026-05-21T19:00:00+00:00,420.28000000000037,420.94000000000034,419.93000000000035,420.7100000000004,1165
2026-05-21T19:15:00+00:00,420.7100000000004,421.1500000000004,420.41000000000037,420.72000000000037,1111
2026-05-21T19:30:00+00:00,420.72000000000037,421.06000000000034,420.28000000000037,420.7700000000004,1257
2026-05-21T19:45:00+00:00,420.7700000000004,421.56000000000034,419.28000000000037,421.25000000000034,2373
2026-05-22T13:30:00+00:00,421.25000000000034,426.04000000000036,421.01000000000033,423.63000000000034,2797
2026-05-22T13:45:00+00:00,423.63000000000034,426.01000000000033,421.5800000000003,422.10000000000036,2069
2026-05-22T14:00:00+00:00,422.10000000000036,422.18000000000035,419.98000000000036,420.51000000000033,1853
2026-05-22T14:15:00+00:00,420.51000000000033,421.18000000000035,418.10000000000036,418.4600000000004,1771
2026-05-22T14:30:00+00:00,418.4600000000004,419.9600000000004,418.2100000000004,419.73000000000036,1799
2026-05-22T14:45:00+00:00,419.73000000000036,420.22000000000037,419.0900000000004,419.3000000000004,1499.2268692643297
2026-05-22T15:00:00+00:00,419.3000000000004,420.6800000000004,419.2100000000004,420.47000000000037,1301
2026-05-22T15:15:00+00:00,420.47000000000037,421.3900000000004,420.23000000000036,421.2000000000004,1402
2026-05-22T15:30:00+00:00,421.2000000000004,421.4300000000004,420.1100000000004,420.6100000000004,1057
2026-05-22T15:45:00+00:00,420.6100000000004,421.8200000000004,420.3700000000004,421.7500000000004,1168
2026-05-22T16:00:00+00:00,421.7500000000004,422.3400000000004,421.48000000000036,421.6200000000004,1188
2026-05-22T16:15:00+00:00,421.6200000000004,421.92000000000036,421.1400000000004,421.4400000000004,1051
2026-05-22T16:30:00+00:00,421.4400000000004,421.8100000000004,420.9000000000004,421.1200000000004,1099
2026-05-22T16:45:00+00:00,421.1200000000004,421.2500000000004,420.28000000000037,420.53000000000037,901
2026-05-22T17:00:00+00:00,420.53000000000037,420.8800000000004,420.3700000000004,420.6400000000004,800
2026-05-22T17:15:00+00:00,420.6400000000004,420.8600000000004,420.0500000000004,420.6800000000004,1184
2026-05-22T17:30:00+00:00,420.6800000000004,421.2100000000004,420.3200000000004,420.7700000000004,1063
2026-05-22T17:45:00+00:00,420.7700000000004,420.92000000000036,419.4400000000004,419.48000000000036,1203
2026-05-22T18:00:00+00:00,419.48000000000036,419.8000000000004,419.0700000000004,419.72000000000037,1152
2026-05-22T18:15:00+00:00,419.72000000000037,420.8900000000004,419.67000000000036,420.66000000000037,1027
2026-05-22T18:30:00+00:00,420.66000000000037,421.5700000000004,420.6400000000004,421.0500000000004,981
2026-05-22T18:45:00+00:00,421.0500000000004,421.2500000000004,420.2400000000004,420.7400000000004,957
2026-05-22T19:00:00+00:00,420.7400000000004,421.0000000000004,420.3700000000004,420.9500000000004,1096
2026-05-22T19:15:00+00:00,420.9500000000004,421.03000000000037,420.17000000000036,420.1900000000004,1069
2026-05-22T19:30:00+00:00,420.1900000000004,420.42000000000036,419.8700000000004,420.35000000000036,1160
2026-05-22T19:45:00+00:00,420.35000000000036,420.8200000000004,419.8700000000004,420.53000000000037,1829
2026-05-26T13:30:00+00:00,420.53000000000037,420.53000000000037,416.07000000000045,416.44000000000045,2326.0316388197652
2026-05-26T13:45:00+00:00,416.44000000000045,418.70000000000044,416.21000000000043,418.69000000000045,2347
2026-05-26T14:00:00+00:00,418.69000000000045,419.8000000000004,418.08000000000044,418.9300000000004,2114
2026-05-26T14:15:00+00:00,418.9300000000004,420.7900000000004,418.57000000000045,420.0400000000004,1959
2026-05-26T14:30:00+00:00,420.0400000000004,420.21000000000043,418.27000000000044,418.39000000000044,1741
2026-05-26T14:45:00+00:00,418.39000000000044,418.39000000000044,416.1700000000004,416.31000000000046,1925
2026-05-26T15:00:00+00:00,416.31000000000046,416.31000000000046,415.3000000000004,415.40000000000043,1956
2026-05-26T15:15:00+00:00,415.40000000000043,417.32000000000045,415.21000000000043,416.2300000000004,1663
2026-05-26T15:30:00+00:00,416.2300000000004,417.4200000000004,415.76000000000045,416.6800000000004,1314
2026-05-26T15:45:00+00:00,416.6800000000004,416.9800000000004,415.51000000000045,416.09000000000043,1135
2026-05-26T16:00:00+00:00,416.09000000000043,416.56000000000046,415.59000000000043,415.6100000000004,1061
2026-05-26T16:15:00+00:00,415.6100000000004,417.0300000000004,415.6100000000004,417.0300000000004,873
2026-05-26T16:30:00+00:00,417.0300000000004,417.2800000000004,416.32000000000045,416.34000000000043,926
2026-05-26T16:45:00+00:00,416.34000000000043,416.34000000000043,415.39000000000044,415.50000000000045,975
2026-05-26T17:00:00+00:00,415.50000000000045,415.59000000000043,414.84000000000043,414.9100000000004,905
2026-05-26T17:15:00+00:00,414.9100000000004,415.3000000000004,414.38000000000045,414.6700000000004,1038
2026-05-26T17:30:00+00:00,414.6700000000004,414.83000000000044,414.09000000000043,414.40000000000043,937
2026-05-26T17:45:00+00:00,414.40000000000043,415.25000000000045,414.27000000000044,414.75000000000045,845
2026-05-26T18:00:00+00:00,414.75000000000045,416.06000000000046,414.70000000000044,415.8000000000004,876
2026-05-26T18:15:00+00:00,415.8000000000004,416.8500000000004,415.7900000000004,416.1700000000004,727
2026-05-26T18:30:00+00:00,416.1700000000004,416.75000000000045,416.1100000000004,416.14000000000044,721
2026-05-26T18:45:00+00:00,416.14000000000044,416.46000000000043,415.88000000000045,415.88000000000045,723
2026-05-26T19:00:00+00:00,415.88000000000045,416.46000000000043,415.65000000000043,416.1200000000004,981
2026-05-26T19:15:00+00:00,416.1200000000004,416.9300000000004,416.06000000000046,416.7400000000004,1011
2026-05-26T19:30:00+00:00,416.7400000000004,416.95000000000044,416.5300000000004,416.7200000000004,881
2026-05-26T19:45:00+00:00,416.7200000000004,417.39000000000044,416.32000000000045,416.9800000000004,1776
2026-05-27T13:30:00+00:00,416.9800000000004,416.9800000000004,410.65000000000043,413.46000000000043,2396
2026-05-27T13:45:00+00:00,413.46000000000043,414.9700000000004,411.9200000000004,412.4300000000004,2162
2026-05-27T14:00:00+00:00,412.4300000000004,414.70000000000044,412.3700000000004,414.4800000000004,1741
2026-05-27T14:15:00+00:00,414.4800000000004,416.9200000000004,414.07000000000045,416.1200000000004,2041
2026-05-27T14:30:00+00:00,416.1200000000004,416.75000000000045,415.45000000000044,415.9900000000004,1520
2026-05-27T14:45:00+00:00,415.9900000000004,416.56000000000046,415.1700000000004,415.58000000000044,1370.0685266764563
2026-05-27T15:00:00+00:00,415.58000000000044,416.6000000000004,414.7300000000004,414.7900000000004,1385
2026-05-27T15:15:00+00:00,414.7900000000004,415.21000000000043,413.71000000000043,413.7900000000004,1234
2026-05-27T15:30:00+00:00,413.7900000000004,414.40000000000043,413.65000000000043,413.6700000000004,977
2026-05-27T15:45:00+00:00,413.6700000000004,414.20000000000044,413.59000000000043,413.9200000000004,1025
2026-05-27T16:00:00+00:00,413.9200000000004,414.4200000000004,413.76000000000045,413.80000000000047,942
2026-05-27T16:15:00+00:00,413.80000000000047,414.1700000000004,413.4200000000004,413.83000000000044,978
2026-05-27T16:30:00+00:00,413.83000000000044,414.68000000000046,413.69000000000045,414.51000000000045,1037
2026-05-27T16:45:00+00:00,414.51000000000045,415.1100000000004,414.06000000000046,414.88000000000045,1048
2026-05-27T17:00:00+00:00,414.88000000000045,414.93000000000046,413.27000000000044,413.4100000000004,1117
2026-05-27T17:15:00+00:00,413.4100000000004,413.44000000000045,412.26000000000045,412.4800000000004,1018
2026-05-27T17:30:00+00:00,412.4800000000004,413.01000000000045,412.38000000000045,412.58000000000044,878
2026-05-27T17:45:00+00:00,412.58000000000044,413.08000000000044,412.56000000000046,412.6600000000004,917
2026-05-27T18:00:00+00:00,412.6600000000004,413.68000000000046,412.62000000000046,413.4800000000004,1071
2026-05-27T18:15:00+00:00,413.4800000000004,413.83000000000044,413.24000000000046,413.7200000000004,1015
2026-05-27T18:30:00+00:00,413.7200000000004,413.99000000000046,413.06000000000046,413.43000000000046,935
2026-05-27T18:45:00+00:00,413.43000000000046,414.07000000000045,413.32000000000045,413.56000000000046,883
2026-05-27T19:00:00+00:00,413.56000000000046,413.7900000000004,412.4200000000004,413.7200000000004,1052
2026-05-27T19:15:00+00:00,413.7200000000004,414.49000000000046,413.5400000000004,414.38000000000045,1170
2026-05-27T19:30:00+00:00,414.38000000000045,414.50000000000045,413.3500000000004,414.1600000000004,1098
2026-05-27T19:45:00+00:00,414.1600000000004,414.5400000000004,412.9200000000004,413.8500000000004,2087
2026-05-28T13:30:00+00:00,413.8500000000004,419.9700000000004,413.7200000000004,419.64000000000044,2533
2026-05-28T13:45:00+00:00,419.64000000000044,425.68000000000046,419.58000000000044,425.52000000000044,3019
2026-05-28T14:00:00+00:00,425.52000000000044,429.0400000000004,425.3600000000004,427.4100000000004,3380
2026-05-28T14:15:00+00:00,427.4100000000004,430.4700000000004,426.25000000000045,426.25000000000045,2477
2026-05-28T14:30:00+00:00,426.25000000000045,426.88000000000045,423.26000000000045,426.58000000000044,2222
2026-05-28T14:45:00+00:00,426.58000000000044,426.8500000000004,425.08000000000044,425.31000000000046,1814
2026-05-28T15:00:00+00:00,425.31000000000046,426.37000000000046,424.57000000000045,424.6600000000004,1600
2026-05-28T15:15:00+00:00,424.6600000000004,426.49000000000046,424.58000000000044,425.7900000000004,1393
2026-05-28T15:30:00+00:00,425.7900000000004,426.27000000000044,425.12000000000046,426.07000000000045,1478
2026-05-28T15:45:00+00:00,426.07000000000045,426.2300000000004,425.3600000000004,426.0300000000004,1233
2026-05-28T16:00:00+00:00,426.0300000000004,426.08000000000044,424.9800000000004,425.19000000000045,1075
2026-05-28T16:15:00+00:00,425.19000000000045,427.43000000000046,425.15000000000043,426.80000000000047,1275
2026-05-28T16:30:00+00:00,426.80000000000047,427.5300000000004,426.56000000000046,426.95000000000044,1276
2026-05-28T16:45:00+00:00,426.95000000000044,427.0300000000004,423.76000000000045,425.4800000000004,1559
2026-05-28T17:00:00+00:00,425.4800000000004,426.5300000000004,425.4800000000004,425.6700000000004,1377
2026-05-28T17:15:00+00:00,425.6700000000004,427.0400000000004,425.64000000000044,426.8500000000004,1243
2026-05-28T17:30:00+00:00,426.8500000000004,428.0400000000004,426.7800000000004,427.7300000000004,1237
2026-05-28T17:45:00+00:00,427.7300000000004,428.65000000000043,427.30000000000047,428.56000000000046,1255
2026-05-28T18:00:00+00:00,428.56000000000046,430.1700000000004,428.38000000000045,428.88000000000045,1442
2026-05-28T18:15:00+00:00,428.88000000000045,429.00000000000045,427.1000000000004,427.4700000000004,1243
2026-05-28T18:30:00+00:00,427.4700000000004,427.7900000000004,427.09000000000043,427.55000000000047,1158
2026-05-28T18:45:00+00:00,427.55000000000047,428.2800000000004,427.07000000000045,427.08000000000044,1120
2026-05-28T19:00:00+00:00,427.08000000000044,428.01000000000045,427.07000000000045,427.52000000000044,1033
2026-05-28T19:15:00+00:00,427.52000000000044,427.83000000000044,426.6600000000004,427.0300000000004,1189
2026-05-28T19:30:00+00:00,427.0300000000004,427.7800000000004,426.9100000000004,427.24000000000046,1170
2026-05-28T19:45:00+00:00,427.24000000000046,428.2800000000004,425.9800000000004,428.2800000000004,2044
2026-05-29T13:30:00+00:00,428.2800000000004,442.7300000000004,428.2800000000004,441.70000000000044,4244
2026-05-29T13:45:00+00:00,441.70000000000044,442.1000000000004,439.18000000000046,442.07000000000045,2785
2026-05-29T14:00:00+00:00,442.07000000000045,444.43000000000046,441.08000000000044,441.13000000000045,3052
2026-05-29T14:15:00+00:00,441.13000000000045,441.2300000000004,438.94000000000045,440.94000000000045,2407
2026-05-29T14:30:00+00:00,440.94000000000045,444.15000000000043,440.82000000000045,443.08000000000044,2453
2026-05-29T14:45:00+00:00,443.08000000000044,445.90000000000043,441.70000000000044,445.5000000000004,2584.272913916997
2026-05-29T15:00:00+00:00,445.5000000000004,446.4900000000004,444.8900000000004,445.8100000000004,2332
2026-05-29T15:15:00+00:00,445.8100000000004,446.5900000000004,444.1500000000004,444.5600000000004,2027
2026-05-29T15:30:00+00:00,444.5600000000004,445.5200000000004,443.7400000000004,443.8300000000004,1642
2026-05-29T15:45:00+00:00,443.8300000000004,445.1100000000004,443.4300000000004,443.6300000000004,1655
2026-05-29T16:00:00+00:00,443.6300000000004,444.5900000000004,443.3900000000004,443.8900000000004,1460
2026-05-29T16:15:00+00:00,443.8900000000004,443.9300000000004,443.0900000000004,443.5900000000004,1320
2026-05-29T16:30:00+00:00,443.5900000000004,445.9300000000004,443.5600000000004,445.60000000000036,1557
2026-05-29T16:45:00+00:00,445.60000000000036,445.79000000000036,443.79000000000036,443.9000000000004,1495
2026-05-29T17:00:00+00:00,443.9000000000004,445.0200000000004,443.7700000000004,444.7100000000004,1166
2026-05-29T17:15:00+00:00,444.7100000000004,445.0700000000004,443.6900000000004,444.6100000000004,1253
2026-05-29T17:30:00+00:00,444.6100000000004,444.7400000000004,443.5500000000004,444.6300000000004,1103
2026-05-29T17:45:00+00:00,444.6300000000004,445.0600000000004,443.3900000000004,443.4900000000004,1251
2026-05-29T18:00:00+00:00,443.4900000000004,444.3700000000004,443.1900000000004,443.2100000000004,1489
2026-05-29T18:15:00+00:00,443.2100000000004,443.9000000000004,442.79000000000036,443.6800000000004,1159
2026-05-29T18:30:00+00:00,443.6800000000004,444.7500000000004,443.1500000000004,443.2500000000004,1345
2026-05-29T18:45:00+00:00,443.2500000000004,443.5900000000004,442.3800000000004,442.5600000000004,1391
2026-05-29T19:00:00+00:00,442.5600000000004,443.8800000000004,442.35000000000036,443.8700000000004,1163
2026-05-29T19:15:00+00:00,443.8700000000004,444.5200000000004,443.4200000000004,444.4300000000004,1305
2026-05-29T19:30:00+00:00,444.4300000000004,444.78000000000037,443.7000000000004,443.8400000000004,1447
2026-05-29T19:45:00+00:00,443.8400000000004,451.3800000000004,443.4900000000004,449.66000000000037,3240
2026-06-01T13:30:00+00:00,449.66000000000037,450.81000000000034,443.9200000000004,448.77000000000027,3187.627409689523
2026-06-01T13:45:00+00:00,448.77000000000027,466.8800000000003,447.16000000000025,466.0400000000003,2843.0111427954807
2026-06-01T14:00:00+00:00,466.0400000000003,467.7500000000003,461.5500000000003,462.3000000000003,2766
2026-06-01T14:15:00+00:00,462.3000000000003,464.0600000000003,461.6800000000003,463.2100000000003,2593
2026-06-01T14:30:00+00:00,463.2100000000003,463.2200000000003,460.6300000000003,462.9500000000003,2592
2026-06-01T14:45:00+00:00,462.9500000000003,464.6500000000003,461.6200000000003,464.6500000000003,2413
2026-06-01T15:00:00+00:00,464.6500000000003,464.8600000000003,460.6900000000003,462.6100000000003,2276
2026-06-01T15:15:00+00:00,462.6100000000003,463.6500000000003,461.7000000000003,462.0300000000003,2241
2026-06-01T15:30:00+00:00,462.0300000000003,465.3100000000003,461.89000000000027,462.7800000000003,2771
2026-06-01T15:45:00+00:00,462.7800000000003,463.2800000000003,461.8100000000003,461.9200000000003,2082
2026-06-01T16:00:00+00:00,461.9200000000003,462.5900000000003,460.6700000000003,461.9700000000003,2005
2026-06-01T16:15:00+00:00,461.9700000000003,463.2300000000003,460.77000000000027,463.1300000000003,2059
2026-06-01T16:30:00+00:00,463.1300000000003,463.89000000000027,462.89000000000027,463.5400000000003,1790
2026-06-01T16:45:00+00:00,463.5400000000003,463.8600000000003,462.9800000000003,463.3500000000003,1654
2026-06-01T17:00:00+00:00,463.3500000000003,463.6300000000003,462.02000000000027,462.1200000000003,1627
2026-06-01T17:15:00+00:00,462.1200000000003,462.5000000000003,461.0300000000003,461.6500000000003,1619
2026-06-01T17:30:00+00:00,461.6500000000003,461.9500000000003,460.0700000000003,460.5400000000003,1871
2026-06-01T17:45:00+00:00,460.5400000000003,461.5400000000003,459.7500000000003,461.4100000000003,1867
2026-06-01T18:00:00+00:00,461.4100000000003,463.1200000000003,461.0400000000003,462.5300000000003,1605
2026-06-01T18:15:00+00:00,462.5300000000003,462.8100000000003,461.77000000000027,462.33000000000027,1352
2026-06-01T18:30:00+00:00,462.33000000000027,462.6600000000003,461.89000000000027,462.4800000000003,1288
2026-06-01T18:45:00+00:00,462.4800000000003,462.7200000000003,461.5000000000003,462.4200000000003,1349
2026-06-01T19:00:00+00:00,462.4200000000003,463.8700000000003,462.1300000000003,463.6800000000003,1315
2026-06-01T19:15:00+00:00,463.6800000000003,465.5600000000003,463.6800000000003,465.2200000000003,1448
2026-06-01T19:30:00+00:00,465.2200000000003,465.6100000000003,463.7200000000003,463.7400000000003,1456
2026-06-01T19:45:00+00:00,463.7400000000003,463.9300000000003,461.4900000000003,462.2800000000003,2517
2026-06-02T13:30:00+00:00,462.2800000000003,462.2800000000003,445.4900000000003,447.5100000000003,3758
2026-06-02T13:45:00+00:00,447.5100000000003,448.4900000000003,444.9700000000003,446.52000000000027,3064
2026-06-02T14:00:00+00:00,446.52000000000027,448.7400000000003,445.9700000000003,448.33000000000027,2256
2026-06-02T14:15:00+00:00,448.33000000000027,449.27000000000027,445.2500000000003,445.6500000000003,2079
2026-06-02T14:30:00+00:00,445.6500000000003,446.5900000000003,444.2200000000003,444.5500000000003,2393
2026-06-02T14:45:00+00:00,444.5500000000003,445.5400000000003,444.3800000000003,445.1200000000003,1825
2026-06-02T15:00:00+00:00,445.1200000000003,445.6800000000003,443.8100000000003,444.1500000000003,2024
2026-06-02T15:15:00+00:00,444.1500000000003,445.3200000000003,443.8600000000003,445.0000000000003,1831
2026-06-02T15:30:00+00:00,445.0000000000003,446.02000000000027,444.6900000000003,445.77000000000027,1460
2026-06-02T15:45:00+00:00,445.77000000000027,446.0900000000003,444.58000000000027,445.3000000000003,1393
2026-06-02T16:00:00+00:00,445.3000000000003,446.08000000000027,444.8200000000003,445.6700000000003,1335
2026-06-02T16:15:00+00:00,445.6700000000003,447.64000000000027,445.4700000000003,447.2400000000003,1315
2026-06-02T16:30:00+00:00,447.2400000000003,447.3000000000003,444.1700000000003,444.1900000000003,1485
2026-06-02T16:45:00+00:00,444.1900000000003,445.3400000000003,443.8800000000003,445.1700000000003,1215
2026-06-02T17:00:00+00:00,445.1700000000003,446.7900000000003,444.9200000000003,446.7000000000003,1107
2026-06-02T17:15:00+00:00,446.7000000000003,446.9300000000003,445.0500000000003,445.9500000000003,1325
2026-06-02T17:30:00+00:00,445.9500000000003,446.0300000000003,445.1000000000003,445.7200000000003,1235
2026-06-02T17:45:00+00:00,445.7200000000003,445.7200000000003,444.1700000000003,444.1700000000003,1254
2026-06-02T18:00:00+00:00,444.1700000000003,444.39000000000027,443.4800000000003,443.6000000000003,1234
2026-06-02T18:15:00+00:00,443.6000000000003,444.5700000000003,442.8500000000003,443.58000000000027,1442
2026-06-02T18:30:00+00:00,443.58000000000027,444.2400000000003,442.9800000000003,443.3700000000003,1213
2026-06-02T18:45:00+00:00,443.3700000000003,443.5400000000003,441.9000000000003,442.0500000000003,1350
2026-06-02T19:00:00+00:00,442.0500000000003,443.52000000000027,442.02000000000027,443.4700000000003,1230
2026-06-02T19:15:00+00:00,443.4700000000003,443.5100000000003,442.8800000000003,443.1300000000003,1257
2026-06-02T19:30:00+00:00,443.1300000000003,443.5500000000003,443.0900000000003,443.1300000000003,1396
2026-06-02T19:45:00+00:00,443.1300000000003,443.4900000000003,442.0700000000003,442.7200000000003,2616
2026-06-03T13:30:00+00:00,442.7200000000003,442.7200000000003,433.33000000000027,433.6300000000003,2606
2026-06-03T13:45:00+00:00,433.6300000000003,435.3700000000003,432.7200000000003,432.7200000000003,2674
2026-06-03T14:00:00+00:00,432.7200000000003,433.9500000000003,432.27000000000027,433.8400000000003,2195
2026-06-03T14:15:00+00:00,433.8400000000003,434.6600000000003,432.02000000000027,432.2400000000003,2058
2026-06-03T14:30:00+00:00,432.2400000000003,432.8500000000003,429.4700000000003,429.6900000000003,2255
2026-06-03T14:45:00+00:00,429.6900000000003,430.0100000000003,428.2900000000003,428.8200000000003,2112.8914679045943
2026-06-03T15:00:00+00:00,428.8200000000003,429.4900000000003,427.3200000000003,427.3200000000003,2063
2026-06-03T15:15:00+00:00,427.3200000000003,429.4200000000003,427.3200000000003,429.1100000000003,1789
2026-06-03T15:30:00+00:00,429.1100000000003,429.2200000000003,427.6700000000003,428.08000000000027,1588
2026-06-03T15:45:00+00:00,428.08000000000027,428.6000000000003,427.58000000000027,428.4500000000003,1464
2026-06-03T16:00:00+00:00,428.4500000000003,428.6600000000003,427.3400000000003,427.4800000000003,1307
2026-06-03T16:15:00+00:00,427.4800000000003,427.4800000000003,426.6000000000003,426.9500000000003,1543
2026-06-03T16:30:00+00:00,426.9500000000003,427.2200000000003,425.7100000000003,426.33000000000027,1675
2026-06-03T16:45:00+00:00,426.33000000000027,426.5900000000003,425.8200000000003,426.08000000000027,1410
2026-06-03T17:00:00+00:00,426.08000000000027,426.64000000000027,425.8200000000003,425.89000000000027,1296
2026-06-03T17:15:00+00:00,425.89000000000027,426.9500000000003,425.7600000000003,426.8800000000003,1213
2026-06-03T17:30:00+00:00,426.8800000000003,428.3600000000003,426.5000000000003,427.9400000000003,1351
2026-06-03T17:45:00+00:00,427.9400000000003,428.39000000000027,427.6600000000003,428.0500000000003,1122
2026-06-03T18:00:00+00:00,428.0500000000003,428.9000000000003,427.8700000000003,428.83000000000027,1249
2026-06-03T18:15:00+00:00,428.83000000000027,429.7600000000003,428.4700000000003,429.6100000000003,1151
2026-06-03T18:30:00+00:00,429.6100000000003,430.2600000000003,429.4600000000003,430.08000000000027,1213
2026-06-03T18:45:00+00:00,430.08000000000027,430.08000000000027,429.1300000000003,429.7000000000003,1245
2026-06-03T19:00:00+00:00,429.7000000000003,429.8600000000003,428.7900000000003,429.4400000000003,1169
2026-06-03T19:15:00+00:00,429.4400000000003,430.39000000000027,428.9700000000003,429.2300000000003,1329
2026-06-03T19:30:00+00:00,429.2300000000003,429.7300000000003,428.7800000000003,429.3500000000003,1150
2026-06-03T19:45:00+00:00,429.3500000000003,430.1800000000003,428.1800000000003,429.2200000000003,2992
2026-06-04T13:30:00+00:00,429.2200000000003,437.4200000000003,429.2200000000003,433.2300000000003,2383
2026-06-04T13:45:00+00:00,433.2300000000003,434.3000000000003,430.89000000000027,433.8700000000003,2061
2026-06-04T14:00:00+00:00,433.8700000000003,435.5700000000003,432.6500000000003,432.8800000000003,2090
2026-06-04T14:15:00+00:00,432.8800000000003,432.9200000000003,430.3600000000003,431.4900000000003,1798
2026-06-04T14:30:00+00:00,431.4900000000003,432.8200000000003,430.8200000000003,432.6900000000003,1360
2026-06-04T14:45:00+00:00,432.6900000000003,432.9700000000003,430.4900000000003,431.1600000000003,1352
2026-06-04T15:00:00+00:00,431.1600000000003,432.1700000000003,430.9300000000003,432.02000000000027,1124
2026-06-04T15:15:00+00:00,432.02000000000027,432.6300000000003,431.7400000000003,431.7600000000003,995
2026-06-04T15:30:00+00:00,431.7600000000003,432.1900000000003,430.9900000000003,431.1300000000003,1195
2026-06-04T15:45:00+00:00,431.1300000000003,431.4900000000003,430.4200000000003,430.4800000000003,1035
2026-06-04T16:00:00+00:00,430.4800000000003,431.4000000000003,430.3700000000003,431.1100000000003,960
2026-06-04T16:15:00+00:00,431.1100000000003,431.1100000000003,429.2000000000003,429.2400000000003,995
2026-06-04T16:30:00+00:00,429.2400000000003,430.2900000000003,428.89000000000027,430.2900000000003,1032
2026-06-04T16:45:00+00:00,430.2900000000003,430.3500000000003,428.1900000000003,428.3100000000003,991
2026-06-04T17:00:00+00:00,428.3100000000003,428.5600000000003,427.8700000000003,428.0000000000003,943
2026-06-04T17:15:00+00:00,428.0000000000003,428.6200000000003,427.9200000000003,428.4100000000003,864
2026-06-04T17:30:00+00:00,428.4100000000003,428.77000000000027,428.1300000000003,428.4100000000003,955
2026-06-04T17:45:00+00:00,428.4100000000003,429.2900000000003,428.27000000000027,429.1900000000003,774
2026-06-04T18:00:00+00:00,429.1900000000003,429.9200000000003,429.1300000000003,429.3700000000003,971
2026-06-04T18:15:00+00:00,429.3700000000003,429.8600000000003,428.9700000000003,429.14000000000027,714
2026-06-04T18:30:00+00:00,429.14000000000027,430.4400000000003,429.0300000000003,429.4800000000003,857
2026-06-04T18:45:00+00:00,429.4800000000003,429.7300000000003,428.4600000000003,428.9200000000003,922
2026-06-04T19:00:00+00:00,428.9200000000003,429.7500000000003,428.4300000000003,429.4200000000003,887
2026-06-04T19:15:00+00:00,429.4200000000003,430.0500000000003,428.8100000000003,429.08000000000027,923
2026-06-04T19:30:00+00:00,429.08000000000027,429.3200000000003,428.4300000000003,429.2600000000003,1022
2026-06-04T19:45:00+00:00,429.2600000000003,429.9100000000003,428.9800000000003,429.4700000000003,1990
2026-06-05T13:30:00+00:00,429.4700000000003,430.64000000000027,427.1800000000003,427.5500000000003,2430
2026-06-05T13:45:00+00:00,427.5500000000003,428.9000000000003,426.05000000000024,426.06000000000023,2205.4372187218723
2026-06-05T14:00:00+00:00,426.06000000000023,426.64000000000027,423.92000000000024,424.25000000000017,2118.574273138702
2026-06-05T14:15:00+00:00,424.25000000000017,424.96000000000015,423.14000000000004,424.25000000000006,1597.9760881695827
2026-06-05T14:30:00+00:00,424.25000000000006,424.46000000000004,421.57000000000005,421.95000000000005,1627.656845385887
2026-06-05T14:45:00+00:00,421.95000000000005,422.20000000000005,420.98,421.58000000000004,1416.269947789212
2026-06-05T15:00:00+00:00,421.58000000000004,422.55000000000007,421.57000000000005,422.05000000000007,1458.399966159786
2026-06-05T15:15:00+00:00,422.05000000000007,422.6400000000001,420.75000000000017,421.7200000000002,1625.552892905047
2026-06-05T15:30:00+00:00,421.7200000000002,421.8600000000002,420.4200000000002,420.4900000000002,1752
2026-06-05T15:45:00+00:00,420.4900000000002,421.08000000000015,420.01000000000016,420.1600000000002,1398
2026-06-05T16:00:00+00:00,420.1600000000002,420.4800000000002,418.4200000000002,419.6100000000002,1898
2026-06-05T16:15:00+00:00,419.6100000000002,419.9200000000002,419.09000000000015,419.1800000000002,1782
2026-06-05T16:30:00+00:00,419.1800000000002,419.40000000000015,418.1200000000002,419.02000000000015,2120
2026-06-05T16:45:00+00:00,419.02000000000015,419.6800000000002,418.2800000000002,419.5600000000002,1877
2026-06-05T17:00:00+00:00,419.5600000000002,420.2400000000002,419.2900000000002,419.57000000000016,1644
2026-06-05T17:15:00+00:00,419.57000000000016,419.6200000000002,418.7400000000002,419.21000000000015,1545
2026-06-05T17:30:00+00:00,419.21000000000015,420.50000000000017,419.0500000000002,420.07000000000016,1306
2026-06-05T17:45:00+00:00,420.07000000000016,420.9800000000002,419.7900000000002,420.1200000000002,1347
2026-06-05T18:00:00+00:00,420.1200000000002,420.5300000000002,419.2400000000002,419.2400000000002,1539
2026-06-05T18:15:00+00:00,419.2400000000002,419.2800000000002,417.34000000000015,417.6700000000002,1792
2026-06-05T18:30:00+00:00,417.6700000000002,417.8500000000002,416.5400000000002,416.5500000000002,2040
2026-06-05T18:45:00+00:00,416.5500000000002,417.19000000000017,416.0600000000002,416.5600000000002,1867
2026-06-05T19:00:00+00:00,416.5600000000002,416.8500000000002,415.15000000000015,415.2300000000002,1634
2026-06-05T19:15:00+00:00,415.2300000000002,415.9900000000002,413.9300000000002,415.83000000000015,1999
2026-06-05T19:30:00+00:00,415.83000000000015,416.8500000000002,415.5400000000002,416.0600000000002,1762
2026-06-05T19:45:00+00:00,416.0600000000002,417.01000000000016,415.63000000000017,416.50000000000017,2721
2026-06-08T13:30:00+00:00,416.50000000000017,416.5300000000002,410.7900000000002,412.32000000000016,2459
2026-06-08T13:45:00+00:00,412.32000000000016,413.3600000000002,411.25000000000017,411.8000000000002,2401
2026-06-08T14:00:00+00:00,411.8000000000002,412.21000000000015,410.8700000000002,411.6700000000002,2179
2026-06-08T14:15:00+00:00,411.6700000000002,412.82000000000016,411.4900000000002,412.25000000000017,1700
2026-06-08T14:30:00+00:00,412.25000000000017,413.0600000000002,411.4200000000002,411.77000000000015,1699
2026-06-08T14:45:00+00:00,411.77000000000015,412.9300000000002,411.34000000000015,412.08000000000015,1482
2026-06-08T15:00:00+00:00,412.08000000000015,413.0300000000002,411.94000000000017,412.3600000000002,1466
2026-06-08T15:15:00+00:00,412.3600000000002,412.5500000000002,410.88000000000017,410.9200000000002,1498
2026-06-08T15:30:00+00:00,410.9200000000002,411.1000000000002,409.7800000000002,410.8000000000002,1671
2026-06-08T15:45:00+00:00,410.8000000000002,410.89000000000016,409.84000000000015,409.8500000000002,1440
2026-06-08T16:00:00+00:00,409.8500000000002,410.01000000000016,409.3600000000002,409.7800000000002,1536
2026-06-08T16:15:00+00:00,409.7800000000002,410.6700000000002,409.76000000000016,409.9100000000002,1383
2026-06-08T16:30:00+00:00,409.9100000000002,410.3000000000002,409.1700000000002,409.44000000000017,1514
2026-06-08T16:45:00+00:00,409.44000000000017,409.90000000000015,409.01000000000016,409.01000000000016,1222
2026-06-08T17:00:00+00:00,409.01000000000016,409.0300000000002,408.1100000000002,408.7200000000002,1484
2026-06-08T17:15:00+00:00,408.7200000000002,409.5600000000002,408.2200000000002,409.4900000000002,1283
2026-06-08T17:30:00+00:00,409.4900000000002,410.19000000000017,409.1600000000002,409.71000000000015,1307
2026-06-08T17:45:00+00:00,409.71000000000015,411.3100000000002,409.4200000000002,410.70000000000016,1245
2026-06-08T18:00:00+00:00,410.70000000000016,412.25000000000017,410.6200000000002,411.76000000000016,1258
2026-06-08T18:15:00+00:00,411.76000000000016,412.1000000000002,411.5600000000002,411.7400000000002,1037
2026-06-08T18:30:00+00:00,411.7400000000002,412.1200000000002,411.34000000000015,411.8000000000002,1046
2026-06-08T18:45:00+00:00,411.8000000000002,412.5300000000002,411.7200000000002,412.2800000000002,978
2026-06-08T19:00:00+00:00,412.2800000000002,412.32000000000016,411.40000000000015,411.51000000000016,982
2026-06-08T19:15:00+00:00,411.51000000000016,411.83000000000015,411.14000000000016,411.75000000000017,1054
2026-06-08T19:30:00+00:00,411.75000000000017,412.3600000000002,411.6700000000002,412.2800000000002,1093
2026-06-08T19:45:00+00:00,412.2800000000002,412.69000000000017,410.6800000000002,411.32000000000016,2113
2026-06-09T13:30:00+00:00,411.32000000000016,411.32000000000016,406.84000000000015,409.1100000000002,2604
2026-06-09T13:45:00+00:00,409.1100000000002,411.46000000000015,409.07000000000016,410.46000000000015,2254
2026-06-09T14:00:00+00:00,410.46000000000015,411.3700000000002,409.0400000000002,409.3000000000002,2123
2026-06-09T14:15:00+00:00,409.3000000000002,409.90000000000015,408.25000000000017,409.01000000000016,2114
2026-06-09T14:30:00+00:00,409.01000000000016,409.5300000000002,407.84000000000015,407.96000000000015,1711
2026-06-09T14:45:00+00:00,407.96000000000015,407.9900000000002,405.40000000000015,407.15000000000015,2246
2026-06-09T15:00:00+00:00,407.15000000000015,407.52000000000015,406.0500000000002,406.1700000000002,1867
2026-06-09T15:15:00+00:00,406.1700000000002,406.25000000000017,403.0400000000002,403.2300000000002,1915
2026-06-09T15:30:00+00:00,403.2300000000002,403.38000000000017,402.2200000000002,402.38000000000017,1971
2026-06-09T15:45:00+00:00,402.38000000000017,402.9100000000002,401.21000000000015,401.4200000000002,2039
2026-06-09T16:00:00+00:00,401.4200000000002,402.4200000000002,401.15000000000015,402.0500000000002,2056
2026-06-09T16:15:00+00:00,402.0500000000002,402.1000000000002,400.01000000000016,400.64000000000016,2162
2026-06-09T16:30:00+00:00,400.64000000000016,401.32000000000016,398.00000000000017,398.8700000000002,2243
2026-06-09T16:45:00+00:00,398.8700000000002,399.77000000000015,398.2800000000002,399.76000000000016,2143
2026-06-09T17:00:00+00:00,399.76000000000016,401.09000000000015,399.57000000000016,400.8600000000002,1987
2026-06-09T17:15:00+00:00,400.8600000000002,401.6100000000002,400.2900000000002,401.1000000000002,1760
2026-06-09T17:30:00+00:00,401.1000000000002,402.65000000000015,401.0500000000002,402.1600000000002,1760
2026-06-09T17:45:00+00:00,402.1600000000002,402.8500000000002,401.7400000000002,402.39000000000016,1619
2026-06-09T18:00:00+00:00,402.39000000000016,403.34000000000015,402.26000000000016,402.75000000000017,1677
2026-06-09T18:15:00+00:00,402.75000000000017,403.44000000000017,402.32000000000016,403.15000000000015,1562
2026-06-09T18:30:00+00:00,403.15000000000015,403.6800000000002,402.3600000000002,402.38000000000017,1656
2026-06-09T18:45:00+00:00,402.38000000000017,403.8700000000002,402.3700000000002,403.50000000000017,1647
2026-06-09T19:00:00+00:00,403.50000000000017,403.9800000000002,403.0300000000002,403.09000000000015,1377
2026-06-09T19:15:00+00:00,403.09000000000015,403.2800000000002,401.95000000000016,402.27000000000015,1589
2026-06-09T19:30:00+00:00,402.27000000000015,402.27000000000015,401.3100000000002,401.71000000000015,1400
2026-06-09T19:45:00+00:00,401.71000000000015,403.71000000000015,400.95000000000016,402.4900000000002,2654
2026-06-10T13:30:00+00:00,402.4900000000002,402.4900000000002,396.90000000000015,401.76000000000016,3099
2026-06-10T13:45:00+00:00,401.76000000000016,404.4100000000002,400.95000000000016,404.21000000000015,3121
2026-06-10T14:00:00+00:00,404.21000000000015,404.5300000000002,401.84000000000015,402.1800000000002,2952
2026-06-10T14:15:00+00:00,402.1800000000002,403.20000000000016,401.7400000000002,402.4100000000002,2489
2026-06-10T14:30:00+00:00,402.4100000000002,403.0600000000002,401.39000000000016,401.59000000000015,1942
2026-06-10T14:45:00+00:00,401.59000000000015,402.6000000000002,401.0400000000002,402.1400000000002,2484.36570282467
2026-06-10T15:00:00+00:00,402.1400000000002,403.00000000000017,401.3200000000002,401.44000000000017,2017
2026-06-10T15:15:00+00:00,401.44000000000017,402.13000000000017,400.9100000000002,401.2200000000002,1915
2026-06-10T15:30:00+00:00,401.2200000000002,402.8600000000002,400.6400000000002,402.7600000000002,1757
2026-06-10T15:45:00+00:00,402.7600000000002,403.3000000000002,400.7900000000002,402.2200000000002,2088
2026-06-10T16:00:00+00:00,402.2200000000002,402.7900000000002,401.1100000000002,401.38000000000017,1776
2026-06-10T16:15:00+00:00,401.38000000000017,402.5800000000002,401.2900000000002,402.2300000000002,1545
2026-06-10T16:30:00+00:00,402.2300000000002,403.3200000000002,401.9500000000002,402.8600000000002,1524
2026-06-10T16:45:00+00:00,402.8600000000002,402.9900000000002,402.0300000000002,402.5600000000002,1444
2026-06-10T17:00:00+00:00,402.5600000000002,403.1600000000002,401.7800000000002,402.19000000000017,1402
2026-06-10T17:15:00+00:00,402.19000000000017,402.3100000000002,401.0800000000002,401.2900000000002,1391
2026-06-10T17:30:00+00:00,401.2900000000002,401.3000000000002,399.8900000000002,400.1000000000002,1379
2026-06-10T17:45:00+00:00,400.1000000000002,401.50000000000017,400.0900000000002,401.19000000000017,1450
2026-06-10T18:00:00+00:00,401.19000000000017,401.75000000000017,401.0600000000002,401.1500000000002,1138
2026-06-10T18:15:00+00:00,401.1500000000002,401.3500000000002,400.5600000000002,400.7200000000002,1412
2026-06-10T18:30:00+00:00,400.7200000000002,400.7200000000002,399.7800000000002,400.2400000000002,1359
2026-06-10T18:45:00+00:00,400.2400000000002,400.2900000000002,399.3300000000002,399.6000000000002,1293
2026-06-10T19:00:00+00:00,399.6000000000002,399.8000000000002,399.19000000000017,399.2800000000002,1565
2026-06-10T19:15:00+00:00,399.2800000000002,399.4000000000002,397.7700000000002,397.9200000000002,1533
2026-06-10T19:30:00+00:00,397.9200000000002,398.8500000000002,397.6400000000002,398.6000000000002,1626
2026-06-10T19:45:00+00:00,398.6000000000002,398.6000000000002,396.7800000000002,396.8000000000002,2866
2026-06-11T13:30:00+00:00,396.8000000000002,396.8000000000002,387.9800000000002,389.2200000000002,3932
2026-06-11T13:45:00+00:00,389.2200000000002,392.5700000000002,388.7600000000002,391.0600000000002,3178
2026-06-11T14:00:00+00:00,391.0600000000002,393.00000000000017,388.7800000000002,388.8500000000002,2748
2026-06-11T14:15:00+00:00,388.8500000000002,389.5400000000002,387.8300000000002,389.2700000000002,2868
2026-06-11T14:30:00+00:00,389.2700000000002,390.8600000000002,388.7800000000002,389.94000000000017,2173
2026-06-11T14:45:00+00:00,389.94000000000017,390.13000000000017,386.2800000000002,386.5200000000002,2478
2026-06-11T15:00:00+00:00,386.5200000000002,388.50000000000017,385.9300000000002,387.0100000000002,2341
2026-06-11T15:15:00+00:00,387.0100000000002,388.8100000000002,386.9700000000002,387.5100000000002,2217
2026-06-11T15:30:00+00:00,387.5100000000002,387.9800000000002,386.0800000000002,386.3100000000002,2278
2026-06-11T15:45:00+00:00,386.3100000000002,386.8400000000002,385.7100000000002,386.0100000000002,2372
2026-06-11T16:00:00+00:00,386.0100000000002,388.8500000000002,385.8600000000002,388.7100000000002,2248
2026-06-11T16:15:00+00:00,388.7100000000002,388.7100000000002,387.1700000000002,387.4900000000002,2004
2026-06-11T16:30:00+00:00,387.4900000000002,388.25000000000017,386.9900000000002,387.1500000000002,1750
2026-06-11T16:45:00+00:00,387.1500000000002,387.3400000000002,385.5800000000002,385.7800000000002,2068
2026-06-11T17:00:00+00:00,385.7800000000002,385.8500000000002,384.2100000000002,384.6000000000002,2209
2026-06-11T17:15:00+00:00,384.6000000000002,387.2700000000002,383.5800000000002,387.2700000000002,2264
2026-06-11T17:30:00+00:00,387.2700000000002,389.3100000000002,386.8700000000002,389.0300000000002,2187
2026-06-11T17:45:00+00:00,389.0300000000002,389.1500000000002,386.38000000000017,388.3100000000002,2134
2026-06-11T18:00:00+00:00,388.3100000000002,388.5900000000002,387.0900000000002,387.7700000000002,2198
2026-06-11T18:15:00+00:00,387.7700000000002,388.7800000000002,387.6400000000002,388.3700000000002,2022
2026-06-11T18:30:00+00:00,388.3700000000002,388.6600000000002,387.0800000000002,387.3000000000002,1654
2026-06-11T18:45:00+00:00,387.3000000000002,387.8900000000002,386.69000000000017,386.8900000000002,1742
2026-06-11T19:00:00+00:00,386.8900000000002,387.19000000000017,386.1600000000002,386.9300000000002,1797
2026-06-11T19:15:00+00:00,386.9300000000002,387.2700000000002,386.6600000000002,386.7900000000002,1771
2026-06-11T19:30:00+00:00,386.7900000000002,389.4500000000002,386.63000000000017,389.3600000000002,2396
2026-06-11T19:45:00+00:00,389.3600000000002,390.8700000000002,388.6000000000002,389.5200000000002,3695
2026-06-12T13:30:00+00:00,389.5200000000002,391.0800000000002,382.0600000000002,382.0600000000002,4356
2026-06-12T13:45:00+00:00,382.0600000000002,384.0700000000002,381.8400000000002,383.1200000000002,3061
2026-06-12T14:00:00+00:00,383.1200000000002,384.50000000000017,381.94000000000017,383.7900000000002,3366
2026-06-12T14:15:00+00:00,383.7900000000002,384.8100000000002,382.9900000000002,383.7000000000002,2541
2026-06-12T14:30:00+00:00,383.7000000000002,385.5300000000002,383.6000000000002,383.6400000000002,2652
2026-06-12T14:45:00+00:00,383.6400000000002,388.3000000000002,383.5500000000002,388.25000000000017,2801.5948393300746
2026-06-12T15:00:00+00:00,388.25000000000017,389.45000000000016,387.66000000000014,389.20000000000016,2358
2026-06-12T15:15:00+00:00,389.20000000000016,389.44000000000017,388.3700000000002,388.45000000000016,2121
2026-06-12T15:30:00+00:00,388.45000000000016,388.58000000000015,386.35000000000014,386.73000000000013,2486
2026-06-12T15:45:00+00:00,386.73000000000013,387.34000000000015,386.1800000000002,386.8000000000002,2146
2026-06-12T16:00:00+00:00,386.8000000000002,387.8600000000001,386.13000000000017,387.0600000000002,2341
2026-06-12T16:15:00+00:00,387.0600000000002,388.01000000000016,386.77000000000015,387.4300000000002,2174
2026-06-12T16:30:00+00:00,387.4300000000002,387.90000000000015,386.84000000000015,387.07000000000016,1963
2026-06-12T16:45:00+00:00,387.07000000000016,387.42000000000013,386.51000000000016,387.35000000000014,1594
2026-06-12T17:00:00+00:00,387.35000000000014,388.38000000000017,387.16000000000014,387.67000000000013,1794
2026-06-12T17:15:00+00:00,387.67000000000013,387.92000000000013,387.3100000000002,387.7400000000002,1448
2026-06-12T17:30:00+00:00,387.7400000000002,387.84000000000015,386.0600000000002,386.27000000000015,1516
2026-06-12T17:45:00+00:00,386.27000000000015,386.79000000000013,386.26000000000016,386.27000000000015,1272
2026-06-12T18:00:00+00:00,386.27000000000015,387.32000000000016,386.15000000000015,386.69000000000017,1643
2026-06-12T18:15:00+00:00,386.69000000000017,387.1800000000002,386.5600000000002,387.08000000000015,1422
2026-06-12T18:30:00+00:00,387.08000000000015,388.3100000000002,386.94000000000017,388.29000000000013,1558
2026-06-12T18:45:00+00:00,388.29000000000013,388.6800000000002,387.5600000000002,388.0600000000002,1565
2026-06-12T19:00:00+00:00,388.0600000000002,388.75000000000017,387.5600000000002,388.73000000000013,1275
2026-06-12T19:15:00+00:00,388.73000000000013,389.29000000000013,388.21000000000015,388.95000000000016,1352
2026-06-12T19:30:00+00:00,388.95000000000016,389.52000000000015,388.57000000000016,389.4300000000002,1634
2026-06-12T19:45:00+00:00,389.4300000000002,390.4900000000002,388.70000000000016,390.16000000000014,2380
2026-06-15T13:30:00+00:00,390.16000000000014,397.01000000000016,390.16000000000014,395.91000000000014,2766
2026-06-15T13:45:00+00:00,395.91000000000014,398.17000000000013,395.26000000000016,397.7400000000002,2437
2026-06-15T14:00:00+00:00,397.7400000000002,399.13000000000017,397.14000000000016,397.26000000000016,2688
2026-06-15T14:15:00+00:00,397.26000000000016,398.6100000000001,396.8600000000001,397.70000000000016,2214
2026-06-15T14:30:00+00:00,397.70000000000016,397.90000000000015,396.8600000000001,396.88000000000017,1815
2026-06-15T14:45:00+00:00,396.88000000000017,397.78000000000014,396.78000000000014,397.67000000000013,1681
2026-06-15T15:00:00+00:00,397.67000000000013,398.6200000000002,396.91000000000014,398.01000000000016,1681
2026-06-15T15:15:00+00:00,398.01000000000016,398.59000000000015,397.38000000000017,397.94000000000017,1407
2026-06-15T15:30:00+00:00,397.94000000000017,398.6800000000002,397.66000000000014,398.48000000000013,1396
2026-06-15T15:45:00+00:00,398.48000000000013,400.48000000000013,398.41000000000014,400.22000000000014,1708
2026-06-15T16:00:00+00:00,400.22000000000014,401.15000000000015,400.0600000000002,400.16000000000014,1365
2026-06-15T16:15:00+00:00,400.16000000000014,401.17000000000013,399.8600000000001,401.0600000000002,1253
2026-06-15T16:30:00+00:00,401.0600000000002,401.27000000000015,399.66000000000014,399.73000000000013,1160
2026-06-15T16:45:00+00:00,399.73000000000013,399.91000000000014,398.20000000000016,398.76000000000016,1194
2026-06-15T17:00:00+00:00,398.76000000000016,399.50000000000017,398.34000000000015,398.98000000000013,1342
2026-06-15T17:15:00+00:00,398.98000000000013,399.48000000000013,398.96000000000015,399.0600000000002,974
2026-06-15T17:30:00+00:00,399.0600000000002,399.4900000000002,399.03000000000014,399.32000000000016,834
2026-06-15T17:45:00+00:00,399.32000000000016,399.39000000000016,398.6800000000002,398.84000000000015,1124
2026-06-15T18:00:00+00:00,398.84000000000015,399.01000000000016,398.46000000000015,398.79000000000013,1019
2026-06-15T18:15:00+00:00,398.79000000000013,399.10000000000014,398.46000000000015,398.52000000000015,949
2026-06-15T18:30:00+00:00,398.52000000000015,398.57000000000016,397.8100000000002,398.16000000000014,1046
2026-06-15T18:45:00+00:00,398.16000000000014,398.32000000000016,397.84000000000015,398.15000000000015,1007
2026-06-15T19:00:00+00:00,398.15000000000015,399.35000000000014,398.02000000000015,398.67000000000013,1196
2026-06-15T19:15:00+00:00,398.67000000000013,398.96000000000015,397.96000000000015,397.97000000000014,1083
2026-06-15T19:30:00+00:00,397.97000000000014,399.71000000000015,397.82000000000016,399.57000000000016,1263
2026-06-15T19:45:00+00:00,399.57000000000016,400.13000000000017,398.1100000000001,399.47000000000014,2345
2026-06-16T13:30:00+00:00,399.47000000000014,399.47000000000014,390.4900000000002,393.54000000000013,3768
2026-06-16T13:45:00+00:00,393.54000000000013,395.13000000000017,392.48000000000013,394.41000000000014,2995
2026-06-16T14:00:00+00:00,394.41000000000014,394.90000000000015,392.85000000000014,393.03000000000014,2637
2026-06-16T14:15:00+00:00,393.03000000000014,393.28000000000014,391.46000000000015,392.6100000000001,2640
2026-06-16T14:30:00+00:00,392.6100000000001,393.17000000000013,392.02000000000015,392.19000000000017,1923
2026-06-16T14:45:00+00:00,392.19000000000017,393.84000000000015,392.01000000000016,393.19000000000017,1775
2026-06-16T15:00:00+00:00,393.19000000000017,393.89000000000016,392.82000000000016,393.22000000000014,1492
2026-06-16T15:15:00+00:00,393.22000000000014,393.60000000000014,392.96000000000015,392.96000000000015,1620
2026-06-16T15:30:00+00:00,392.96000000000015,393.4300000000002,392.3100000000002,392.63000000000017,1529
2026-06-16T15:45:00+00:00,392.63000000000017,393.15000000000015,392.39000000000016,392.39000000000016,1512
2026-06-16T16:00:00+00:00,392.39000000000016,392.50000000000017,391.76000000000016,392.17000000000013,1403
2026-06-16T16:15:00+00:00,392.17000000000013,392.32000000000016,390.90000000000015,391.35000000000014,1331
2026-06-16T16:30:00+00:00,391.35000000000014,391.95000000000016,391.04000000000013,391.89000000000016,1440
2026-06-16T16:45:00+00:00,391.89000000000016,392.15000000000015,391.28000000000014,391.28000000000014,1263
2026-06-16T17:00:00+00:00,391.28000000000014,391.6200000000002,391.25000000000017,391.44000000000017,1173
2026-06-16T17:15:00+00:00,391.44000000000017,391.6200000000002,390.94000000000017,390.96000000000015,1174
2026-06-16T17:30:00+00:00,390.96000000000015,391.10000000000014,390.3100000000002,390.69000000000017,1365
2026-06-16T17:45:00+00:00,390.69000000000017,390.95000000000016,390.2400000000002,390.82000000000016,1159
2026-06-16T18:00:00+00:00,390.82000000000016,391.16000000000014,390.42000000000013,391.07000000000016,1103
2026-06-16T18:15:00+00:00,391.07000000000016,391.79000000000013,391.0500000000002,391.63000000000017,980
2026-06-16T18:30:00+00:00,391.63000000000017,392.57000000000016,391.6100000000001,392.57000000000016,1128
2026-06-16T18:45:00+00:00,392.57000000000016,393.1100000000001,392.46000000000015,392.73000000000013,1224
2026-06-16T19:00:00+00:00,392.73000000000013,392.8100000000002,391.73000000000013,392.3100000000002,1376
2026-06-16T19:15:00+00:00,392.3100000000002,392.8000000000002,391.8600000000001,392.6800000000002,1422
2026-06-16T19:30:00+00:00,392.6800000000002,393.50000000000017,392.45000000000016,393.29000000000013,1441
2026-06-16T19:45:00+00:00,393.29000000000013,393.85000000000014,392.76000000000016,393.41000000000014,2774
2026-06-17T13:30:00+00:00,393.41000000000014,393.41000000000014,386.3100000000002,388.1200000000002,3933
2026-06-17T13:45:00+00:00,388.1200000000002,389.5500000000002,387.66000000000014,389.27000000000015,4170
2026-06-17T14:00:00+00:00,389.27000000000015,389.42000000000013,386.96000000000015,387.90000000000015,3675
2026-06-17T14:15:00+00:00,387.90000000000015,388.4300000000002,386.6100000000001,386.88000000000017,3137
2026-06-17T14:30:00+00:00,386.88000000000017,387.25000000000017,385.44000000000017,385.7400000000002,2541
2026-06-17T14:45:00+00:00,385.7400000000002,385.82000000000016,384.1800000000002,384.4200000000002,3014.8354251369983
2026-06-17T15:00:00+00:00,384.4200000000002,385.91000000000014,384.33000000000015,385.5600000000002,2111
2026-06-17T15:15:00+00:00,385.5600000000002,385.6700000000002,384.8100000000002,385.01000000000016,1925
2026-06-17T15:30:00+00:00,385.01000000000016,386.21000000000015,384.76000000000016,385.7400000000002,1646
2026-06-17T15:45:00+00:00,385.7400000000002,386.20000000000016,384.96000000000015,384.97000000000014,1570
2026-06-17T16:00:00+00:00,384.97000000000014,385.65000000000015,384.91000000000014,385.32000000000016,1423
2026-06-17T16:15:00+00:00,385.32000000000016,385.53000000000014,384.95000000000016,384.9900000000002,1485
2026-06-17T16:30:00+00:00,384.9900000000002,384.9900000000002,384.02000000000015,384.13000000000017,1511
2026-06-17T16:45:00+00:00,384.13000000000017,384.4300000000002,383.65000000000015,383.7400000000002,1405
2026-06-17T17:00:00+00:00,383.7400000000002,384.0400000000002,382.96000000000015,383.88000000000017,1695
2026-06-17T17:15:00+00:00,383.88000000000017,384.8000000000002,383.6100000000002,384.41000000000014,1343
2026-06-17T17:30:00+00:00,384.41000000000014,385.02000000000015,384.21000000000015,384.7400000000002,1313
2026-06-17T17:45:00+00:00,384.7400000000002,385.59000000000015,384.7400000000002,385.33000000000015,1159
2026-06-17T18:00:00+00:00,385.33000000000015,385.3600000000002,382.4200000000002,383.1800000000002,4100
2026-06-17T18:15:00+00:00,383.1800000000002,383.69000000000017,382.2300000000002,382.63000000000017,2201
2026-06-17T18:30:00+00:00,382.63000000000017,383.4900000000002,381.97000000000014,382.90000000000015,3938
2026-06-17T18:45:00+00:00,382.90000000000015,383.02000000000015,381.02000000000015,381.38000000000017,2868
2026-06-17T19:00:00+00:00,381.38000000000017,382.0500000000002,380.2400000000002,380.83000000000015,3390
2026-06-17T19:15:00+00:00,380.83000000000015,380.91000000000014,378.47000000000014,378.63000000000017,3199
2026-06-17T19:30:00+00:00,378.63000000000017,378.69000000000017,377.19000000000017,377.33000000000015,3423
2026-06-17T19:45:00+00:00,377.33000000000015,378.76000000000016,376.94000000000017,378.40000000000015,4200
2026-06-18T13:30:00+00:00,378.40000000000015,378.9200000000002,372.8700000000002,373.25000000000017,3101
2026-06-18T13:45:00+00:00,373.25000000000017,376.07000000000016,373.25000000000017,375.78000000000014,2725
2026-06-18T14:00:00+00:00,375.78000000000014,378.66000000000014,374.91000000000014,377.8600000000002,2421
2026-06-18T14:15:00+00:00,377.8600000000002,379.20000000000016,376.27000000000015,376.76000000000016,2271
2026-06-18T14:30:00+00:00,376.76000000000016,378.0600000000002,376.41000000000014,377.20000000000016,1719
2026-06-18T14:45:00+00:00,377.20000000000016,377.77000000000015,376.20000000000016,376.21000000000015,1817.0933531832911
2026-06-18T15:00:00+00:00,376.21000000000015,376.48000000000013,375.38000000000017,375.5600000000002,1965
2026-06-18T15:15:00+00:00,375.5600000000002,375.7400000000001,374.45000000000016,374.65000000000015,1734
2026-06-18T15:30:00+00:00,374.65000000000015,375.57000000000016,374.64000000000016,374.9300000000001,1463
2026-06-18T15:45:00+00:00,374.9300000000001,377.63000000000017,374.73000000000013,377.53000000000014,1608
2026-06-18T16:00:00+00:00,377.53000000000014,377.7400000000001,376.17000000000013,376.33000000000015,1277
2026-06-18T16:15:00+00:00,376.33000000000015,378.40000000000015,376.32000000000016,378.19000000000017,1287
2026-06-18T16:30:00+00:00,378.19000000000017,379.15000000000015,378.14000000000016,378.42000000000013,1238
2026-06-18T16:45:00+00:00,378.42000000000013,379.21000000000015,378.23000000000013,379.04000000000013,1163
2026-06-18T17:00:00+00:00,379.04000000000013,381.00000000000017,378.84000000000015,380.35000000000014,1385
2026-06-18T17:15:00+00:00,380.35000000000014,380.71000000000015,378.90000000000015,379.3100000000002,1342
2026-06-18T17:30:00+00:00,379.3100000000002,380.09000000000015,378.83000000000015,379.33000000000015,1181
2026-06-18T17:45:00+00:00,379.33000000000015,379.77000000000015,379.25000000000017,379.3700000000002,1003
2026-06-18T18:00:00+00:00,379.3700000000002,379.38000000000017,378.1800000000001,378.39000000000016,1193
2026-06-18T18:15:00+00:00,378.39000000000016,378.52000000000015,377.23000000000013,377.2400000000001,1067
2026-06-18T18:30:00+00:00,377.2400000000001,377.71000000000015,376.96000000000015,377.6100000000001,1120
2026-06-18T18:45:00+00:00,377.6100000000001,378.13000000000017,377.23000000000013,377.52000000000015,1052
2026-06-18T19:00:00+00:00,377.52000000000015,377.52000000000015,376.7400000000001,377.14000000000016,986
2026-06-18T19:15:00+00:00,377.14000000000016,377.94000000000017,376.9900000000001,377.65000000000015,944
2026-06-18T19:30:00+00:00,377.65000000000015,377.76000000000016,377.1200000000002,377.53000000000014,1205
2026-06-18T19:45:00+00:00,377.53000000000014,380.02000000000015,377.1800000000001,378.5600000000002,2765
2026-06-22T13:30:00+00:00,378.5600000000002,379.08000000000015,374.23000000000013,379.0500000000001,4441
2026-06-22T13:45:00+00:00,379.0500000000001,381.13000000000017,377.70000000000016,379.47000000000014,4045
2026-06-22T14:00:00+00:00,379.47000000000014,380.48000000000013,377.15000000000015,377.21000000000015,3574
2026-06-22T14:15:00+00:00,377.21000000000015,377.21000000000015,373.14000000000016,373.23000000000013,2958
2026-06-22T14:30:00+00:00,373.23000000000013,374.0500000000001,372.5600000000002,373.48000000000013,3619
2026-06-22T14:45:00+00:00,373.48000000000013,373.82000000000016,371.0600000000002,371.82000000000016,3267
2026-06-22T15:00:00+00:00,371.82000000000016,372.70000000000016,370.73000000000013,370.9300000000001,2676
2026-06-22T15:15:00+00:00,370.9300000000001,371.15000000000015,370.20000000000016,370.77000000000015,2820
2026-06-22T15:30:00+00:00,370.77000000000015,371.3700000000002,370.04000000000013,371.27000000000015,2371
2026-06-22T15:45:00+00:00,371.27000000000015,371.66000000000014,369.98000000000013,370.14000000000016,2215
2026-06-22T16:00:00+00:00,370.14000000000016,370.26000000000016,368.83000000000015,369.3600000000001,2303
2026-06-22T16:15:00+00:00,369.3600000000001,369.42000000000013,367.5600000000002,368.03000000000014,2078
2026-06-22T16:30:00+00:00,368.03000000000014,368.25000000000017,367.63000000000017,367.95000000000016,2050
2026-06-22T16:45:00+00:00,367.95000000000016,368.60000000000014,367.95000000000016,368.46000000000015,1709
2026-06-22T17:00:00+00:00,368.46000000000015,368.75000000000017,367.72000000000014,368.3700000000002,1621
2026-06-22T17:15:00+00:00,368.3700000000002,369.1800000000001,368.23000000000013,368.60000000000014,1512
2026-06-22T17:30:00+00:00,368.60000000000014,368.9900000000001,368.28000000000014,368.79000000000013,1441
2026-06-22T17:45:00+00:00,368.79000000000013,369.7400000000001,368.69000000000017,369.64000000000016,1266
2026-06-22T18:00:00+00:00,369.64000000000016,369.83000000000015,369.20000000000016,369.5500000000001,1226
2026-06-22T18:15:00+00:00,369.5500000000001,370.27000000000015,369.50000000000017,369.95000000000016,1343
2026-06-22T18:30:00+00:00,369.95000000000016,370.17000000000013,369.50000000000017,369.64000000000016,1500
2026-06-22T18:45:00+00:00,369.64000000000016,369.9300000000001,368.7400000000001,368.9300000000001,1618
2026-06-22T19:00:00+00:00,368.9300000000001,369.92000000000013,368.6200000000002,369.78000000000014,1403
2026-06-22T19:15:00+00:00,369.78000000000014,370.09000000000015,369.34000000000015,369.35000000000014,1565
2026-06-22T19:30:00+00:00,369.35000000000014,370.08000000000015,368.27000000000015,368.6200000000002,1884
2026-06-22T19:45:00+00:00,368.6200000000002,369.1100000000001,366.63000000000017,367.01000000000016,4093
2026-06-23T13:30:00+00:00,367.01000000000016,375.46000000000015,367.01000000000016,374.3600000000001,5405
2026-06-23T13:45:00+00:00,374.3600000000001,374.70000000000016,371.73000000000013,374.45000000000016,6360
2026-06-23T14:00:00+00:00,374.45000000000016,375.21000000000015,372.84000000000015,373.8700000000002,5602
2026-06-23T14:15:00+00:00,373.8700000000002,375.98000000000013,373.47000000000014,375.89000000000016,3730
2026-06-23T14:30:00+00:00,375.89000000000016,376.82000000000016,375.00000000000017,375.95000000000016,4332
2026-06-23T14:45:00+00:00,375.95000000000016,376.3100000000002,373.73000000000013,374.34000000000015,3715
2026-06-23T15:00:00+00:00,374.34000000000015,374.3600000000001,373.03000000000014,374.13000000000017,3193
2026-06-23T15:15:00+00:00,374.13000000000017,374.6100000000001,372.39000000000016,372.59000000000015,2962
2026-06-23T15:30:00+00:00,372.59000000000015,372.89000000000016,372.0500000000001,372.73000000000013,2958
2026-06-23T15:45:00+00:00,372.73000000000013,373.25000000000017,372.47000000000014,372.92000000000013,2748
2026-06-23T16:00:00+00:00,372.92000000000013,373.16000000000014,371.25000000000017,371.60000000000014,2649
2026-06-23T16:15:00+00:00,371.60000000000014,372.96000000000015,371.26000000000016,372.8000000000001,2669
2026-06-23T16:30:00+00:00,372.8000000000001,373.15000000000015,372.1800000000001,372.3700000000002,2023
2026-06-23T16:45:00+00:00,372.3700000000002,372.95000000000016,372.17000000000013,372.52000000000015,2129
2026-06-23T17:00:00+00:00,372.52000000000015,372.57000000000016,372.02000000000015,372.1800000000001,2068
2026-06-23T17:15:00+00:00,372.1800000000001,372.79000000000013,372.04000000000013,372.6100000000001,2020
2026-06-23T17:30:00+00:00,372.6100000000001,374.19000000000017,372.57000000000016,373.65000000000015,2101
2026-06-23T17:45:00+00:00,373.65000000000015,373.90000000000015,372.16000000000014,373.08000000000015,2019
2026-06-23T18:00:00+00:00,373.08000000000015,373.8600000000001,372.95000000000016,373.2400000000001,2115
2026-06-23T18:15:00+00:00,373.2400000000001,373.4900000000001,372.73000000000013,372.8100000000002,1392
2026-06-23T18:30:00+00:00,372.8100000000002,373.33000000000015,371.91000000000014,371.96000000000015,1802
2026-06-23T18:45:00+00:00,371.96000000000015,372.57000000000016,371.89000000000016,372.39000000000016,2296
2026-06-23T19:00:00+00:00,372.39000000000016,373.4900000000001,372.3600000000001,372.9300000000001,2235
2026-06-23T19:15:00+00:00,372.9300000000001,373.82000000000016,372.6800000000001,373.52000000000015,2148
2026-06-23T19:30:00+00:00,373.52000000000015,373.92000000000013,373.01000000000016,373.8000000000001,2256
2026-06-23T19:45:00+00:00,373.8000000000001,375.72000000000014,373.3600000000001,373.6800000000001,4454
2026-06-24T13:30:00+00:00,373.6800000000001,378.48000000000013,370.40000000000015,377.3600000000001,4607
2026-06-24T13:45:00+00:00,377.3600000000001,377.3600000000001,373.9300000000001,373.94000000000017,4309
2026-06-24T14:00:00+00:00,373.94000000000017,374.14000000000016,372.21000000000015,373.25000000000017,3648
2026-06-24T14:15:00+00:00,373.25000000000017,374.5500000000001,372.66000000000014,374.3600000000001,3369
2026-06-24T14:30:00+00:00,374.3600000000001,374.63000000000017,372.1800000000001,373.03000000000014,2859
2026-06-24T14:45:00+00:00,373.03000000000014,375.10000000000014,372.9900000000001,375.08000000000015,2862.0130290149696
2026-06-24T15:00:00+00:00,375.08000000000015,375.15000000000015,373.3700000000002,373.9900000000002,2530
2026-06-24T15:15:00+00:00,373.9900000000002,375.03000000000014,373.84000000000015,374.32000000000016,2646
2026-06-24T15:30:00+00:00,374.32000000000016,374.57000000000016,373.08000000000015,373.09000000000015,2670
2026-06-24T15:45:00+00:00,373.09000000000015,374.0600000000002,372.90000000000015,373.6200000000002,2243
2026-06-24T16:00:00+00:00,373.6200000000002,374.15000000000015,373.07000000000016,373.72000000000014,2325
2026-06-24T16:15:00+00:00,373.72000000000014,373.97000000000014,372.57000000000016,372.6100000000001,2298
2026-06-24T16:30:00+00:00,372.6100000000001,372.8100000000002,371.7400000000002,372.07000000000016,2400
2026-06-24T16:45:00+00:00,372.07000000000016,372.96000000000015,372.02000000000015,372.3600000000001,2152
2026-06-24T17:00:00+00:00,372.3600000000001,372.89000000000016,371.46000000000015,371.60000000000014,2535
2026-06-24T17:15:00+00:00,371.60000000000014,371.69000000000017,370.3600000000001,370.47000000000014,2852
2026-06-24T17:30:00+00:00,370.47000000000014,371.42000000000013,369.96000000000015,370.25000000000017,3411
2026-06-24T17:45:00+00:00,370.25000000000017,370.58000000000015,369.85000000000014,370.1800000000002,2910
2026-06-24T18:00:00+00:00,370.1800000000002,371.46000000000015,370.17000000000013,371.3100000000002,2756
2026-06-24T18:15:00+00:00,371.3100000000002,371.8100000000002,370.10000000000014,370.1800000000002,2826
2026-06-24T18:30:00+00:00,370.1800000000002,370.9300000000002,368.67000000000013,368.71000000000015,3135
2026-06-24T18:45:00+00:00,368.71000000000015,368.95000000000016,368.1100000000001,368.58000000000015,2908
2026-06-24T19:00:00+00:00,368.58000000000015,368.82000000000016,368.01000000000016,368.3600000000001,3137
2026-06-24T19:15:00+00:00,368.3600000000001,368.4900000000002,367.96000000000015,368.02000000000015,2921
2026-06-24T19:30:00+00:00,368.02000000000015,368.25000000000017,367.00000000000017,367.38000000000017,3343
2026-06-24T19:45:00+00:00,367.38000000000017,367.82000000000016,364.17000000000013,365.09000000000015,4622
2026-06-25T13:30:00+00:00,365.09000000000015,365.09000000000015,358.10000000000014,358.50000000000017,5358
2026-06-25T13:45:00+00:00,358.50000000000017,358.8100000000002,356.15000000000015,356.98000000000013,5917
2026-06-25T14:00:00+00:00,356.98000000000013,358.22000000000014,356.52000000000015,357.8600000000001,4624
2026-06-25T14:15:00+00:00,357.8600000000001,359.5500000000002,357.59000000000015,359.42000000000013,3970
2026-06-25T14:30:00+00:00,359.42000000000013,359.50000000000017,356.3600000000001,357.23000000000013,3780
2026-06-25T14:45:00+00:00,357.23000000000013,357.51000000000016,354.88000000000017,355.1200000000002,3228
2026-06-25T15:00:00+00:00,355.1200000000002,355.54000000000013,353.26000000000016,354.3100000000002,4210
2026-06-25T15:15:00+00:00,354.3100000000002,355.71000000000015,353.65000000000015,355.6100000000001,3370
2026-06-25T15:30:00+00:00,355.6100000000001,356.1200000000002,354.5600000000002,355.3600000000001,3557
2026-06-25T15:45:00+00:00,355.3600000000001,355.78000000000014,354.3600000000001,355.07000000000016,2744
2026-06-25T16:00:00+00:00,355.07000000000016,355.15000000000015,352.34000000000015,352.59000000000015,3270
2026-06-25T16:15:00+00:00,352.59000000000015,353.85000000000014,351.92000000000013,351.98000000000013,2908
2026-06-25T16:30:00+00:00,351.98000000000013,352.14000000000016,350.9900000000002,351.3600000000001,3529
2026-06-25T16:45:00+00:00,351.3600000000001,351.4900000000002,350.6800000000002,351.10000000000014,2734
2026-06-25T17:00:00+00:00,351.10000000000014,351.52000000000015,350.42000000000013,351.4300000000002,2807
2026-06-25T17:15:00+00:00,351.4300000000002,351.84000000000015,350.8600000000001,351.19000000000017,2667
2026-06-25T17:30:00+00:00,351.19000000000017,351.2400000000002,349.57000000000016,349.65000000000015,2445
2026-06-25T17:45:00+00:00,349.65000000000015,350.52000000000015,348.75000000000017,350.16000000000014,3633
2026-06-25T18:00:00+00:00,350.16000000000014,351.52000000000015,349.8100000000002,350.94000000000017,3475
2026-06-25T18:15:00+00:00,350.94000000000017,357.29000000000013,350.89000000000016,357.29000000000013,3766
2026-06-25T18:30:00+00:00,357.29000000000013,357.33000000000015,355.4300000000002,355.48000000000013,3546
2026-06-25T18:45:00+00:00,355.48000000000013,355.48000000000013,353.8600000000001,354.95000000000016,2957
2026-06-25T19:00:00+00:00,354.95000000000016,355.19000000000017,353.46000000000015,354.04000000000013,2832
2026-06-25T19:15:00+00:00,354.04000000000013,354.0600000000002,351.8100000000002,352.1200000000002,3183
2026-06-25T19:30:00+00:00,352.1200000000002,353.04000000000013,352.03000000000014,352.27000000000015,3097
2026-06-25T19:45:00+00:00,352.27000000000015,354.2400000000002,351.16000000000014,352.14000000000016,5444
2026-06-26T13:30:00+00:00,352.14000000000016,361.26000000000016,352.14000000000016,360.7400000000002,4801
2026-06-26T13:45:00+00:00,360.7400000000002,363.71000000000015,359.57000000000016,361.70000000000016,4571
2026-06-26T14:00:00+00:00,361.70000000000016,364.8600000000001,360.46000000000015,363.67000000000013,3851
2026-06-26T14:15:00+00:00,363.67000000000013,367.28000000000014,362.95000000000016,366.60000000000014,3520
2026-06-26T14:30:00+00:00,366.60000000000014,367.3600000000001,364.85000000000014,366.8600000000001,4333
2026-06-26T14:45:00+00:00,366.8600000000001,369.79000000000013,366.6100000000001,369.35000000000014,4366.616927706195
2026-06-26T15:00:00+00:00,369.35000000000014,370.0400000000002,367.97000000000014,368.4900000000002,3836
2026-06-26T15:15:00+00:00,368.4900000000002,370.13000000000017,367.15000000000015,369.78000000000014,4172
2026-06-26T15:30:00+00:00,369.78000000000014,371.0400000000002,369.60000000000014,370.75000000000017,3766
2026-06-26T15:45:00+00:00,370.75000000000017,370.8000000000002,368.77000000000015,369.71000000000015,3514
2026-06-26T16:00:00+00:00,369.71000000000015,370.07000000000016,367.0500000000002,368.2300000000002,3221
2026-06-26T16:15:00+00:00,368.2300000000002,368.59000000000015,366.9900000000002,367.47000000000014,3352
2026-06-26T16:30:00+00:00,367.47000000000014,369.27000000000015,367.19000000000017,369.07000000000016,2786
2026-06-26T16:45:00+00:00,369.07000000000016,370.34000000000015,368.77000000000015,369.00000000000017,3074
2026-06-26T17:00:00+00:00,369.00000000000017,369.91000000000014,368.65000000000015,369.3000000000002,2967
2026-06-26T17:15:00+00:00,369.3000000000002,369.82000000000016,368.4300000000002,369.4300000000002,2539
2026-06-26T17:30:00+00:00,369.4300000000002,370.69000000000017,368.09000000000015,370.6700000000002,2539
2026-06-26T17:45:00+00:00,370.6700000000002,371.02000000000015,369.63000000000017,370.28000000000014,2444
2026-06-26T18:00:00+00:00,370.28000000000014,371.3100000000002,369.95000000000016,371.08000000000015,2416
2026-06-26T18:15:00+00:00,371.08000000000015,371.25000000000017,369.96000000000015,369.9900000000002,2298
2026-06-26T18:30:00+00:00,369.9900000000002,371.5500000000002,369.6700000000002,370.16000000000014,2410
2026-06-26T18:45:00+00:00,370.16000000000014,370.40000000000015,368.95000000000016,369.22000000000014,2670
2026-06-26T19:00:00+00:00,369.22000000000014,370.77000000000015,369.0600000000002,370.2900000000002,2753
2026-06-26T19:15:00+00:00,370.2900000000002,371.25000000000017,369.2400000000002,369.41000000000014,2456
2026-06-26T19:30:00+00:00,369.41000000000014,372.51000000000016,369.40000000000015,372.21000000000015,3293
2026-06-26T19:45:00+00:00,372.21000000000015,376.15000000000015,370.6100000000002,370.7400000000002,5762
2026-06-29T13:30:00+00:00,370.7400000000002,379.22000000000014,370.7400000000002,377.3100000000002,3582
2026-06-29T13:45:00+00:00,377.3100000000002,380.01000000000016,376.8600000000002,378.70000000000016,3286
2026-06-29T14:00:00+00:00,378.70000000000016,378.96000000000015,374.57000000000016,375.09000000000015,3008
2026-06-29T14:15:00+00:00,375.09000000000015,376.59000000000015,374.75000000000017,375.66000000000014,2761
2026-06-29T14:30:00+00:00,375.66000000000014,376.6100000000002,373.96000000000015,375.94000000000017,2861
2026-06-29T14:45:00+00:00,375.94000000000017,375.94000000000017,371.20000000000016,371.4900000000002,2741
2026-06-29T15:00:00+00:00,371.4900000000002,372.6100000000002,371.0500000000002,372.32000000000016,2263
2026-06-29T15:15:00+00:00,372.32000000000016,373.22000000000014,371.6100000000002,372.57000000000016,2250
2026-06-29T15:30:00+00:00,372.57000000000016,373.0500000000002,370.8100000000002,371.15000000000015,1940
2026-06-29T15:45:00+00:00,371.15000000000015,371.16000000000014,369.78000000000014,371.1100000000002,2026
2026-06-29T16:00:00+00:00,371.1100000000002,371.2900000000002,367.5500000000002,367.71000000000015,2224
2026-06-29T16:15:00+00:00,367.71000000000015,368.2900000000002,367.2900000000002,367.72000000000014,1696
2026-06-29T16:30:00+00:00,367.72000000000014,367.91000000000014,366.8000000000002,366.84000000000015,1721
2026-06-29T16:45:00+00:00,366.84000000000015,368.96000000000015,366.75000000000017,368.53000000000014,1938
2026-06-29T17:00:00+00:00,368.53000000000014,368.63000000000017,367.35000000000014,368.38000000000017,1531
2026-06-29T17:15:00+00:00,368.38000000000017,369.7900000000002,368.33000000000015,369.15000000000015,1412
2026-06-29T17:30:00+00:00,369.15000000000015,369.76000000000016,367.89000000000016,368.6700000000002,1463
2026-06-29T17:45:00+00:00,368.6700000000002,369.01000000000016,368.20000000000016,368.2900000000002,1347
2026-06-29T18:00:00+00:00,368.2900000000002,368.32000000000016,367.5600000000002,367.7300000000002,1273
2026-06-29T18:15:00+00:00,367.7300000000002,367.96000000000015,367.08000000000015,367.57000000000016,1079
2026-06-29T18:30:00+00:00,367.57000000000016,368.32000000000016,367.4200000000002,367.66000000000014,1167
2026-06-29T18:45:00+00:00,367.66000000000014,367.9300000000002,366.82000000000016,367.6700000000002,1110
2026-06-29T19:00:00+00:00,367.6700000000002,369.10000000000014,367.44000000000017,368.4300000000002,1218
2026-06-29T19:15:00+00:00,368.4300000000002,368.5500000000002,366.9300000000002,366.97000000000014,1403
2026-06-29T19:30:00+00:00,366.97000000000014,367.88000000000017,366.3700000000002,367.34000000000015,1566
2026-06-29T19:45:00+00:00,367.34000000000015,368.5500000000002,367.34000000000015,368.1100000000002,2716
2026-06-30T13:30:00+00:00,368.1100000000002,371.39000000000016,366.91000000000014,369.39000000000016,3546
2026-06-30T13:45:00+00:00,369.39000000000016,372.1100000000002,369.3100000000002,371.02000000000015,2812
2026-06-30T14:00:00+00:00,371.02000000000015,371.75000000000017,369.94000000000017,370.9200000000002,2732
2026-06-30T14:15:00+00:00,370.9200000000002,372.1100000000002,370.91000000000014,371.50000000000017,1880
2026-06-30T14:30:00+00:00,371.50000000000017,372.01000000000016,370.8100000000002,371.84000000000015,1988
2026-06-30T14:45:00+00:00,371.84000000000015,372.14000000000016,368.6800000000002,369.28000000000014,2545
2026-06-30T15:00:00+00:00,369.28000000000014,369.5500000000002,367.70000000000016,369.13000000000017,2316
2026-06-30T15:15:00+00:00,369.13000000000017,370.1700000000002,368.75000000000017,370.15000000000015,2123
2026-06-30T15:30:00+00:00,370.15000000000015,370.4200000000002,369.5500000000002,369.66000000000014,1890
2026-06-30T15:45:00+00:00,369.66000000000014,370.27000000000015,369.32000000000016,369.9900000000002,1934
2026-06-30T16:00:00+00:00,369.9900000000002,370.91000000000014,369.7400000000002,370.19000000000017,1834
2026-06-30T16:15:00+00:00,370.19000000000017,370.5400000000002,370.00000000000017,370.41000000000014,1455
2026-06-30T16:30:00+00:00,370.41000000000014,370.71000000000015,370.07000000000016,370.52000000000015,1699
2026-06-30T16:45:00+00:00,370.52000000000015,372.89000000000016,370.50000000000017,372.25000000000017,2097
2026-06-30T17:00:00+00:00,372.25000000000017,372.52000000000015,370.25000000000017,370.32000000000016,1846
2026-06-30T17:15:00+00:00,370.32000000000016,371.26000000000016,370.25000000000017,370.8700000000002,1870
2026-06-30T17:30:00+00:00,370.8700000000002,370.9800000000002,370.1100000000002,370.44000000000017,1355
2026-06-30T17:45:00+00:00,370.44000000000017,370.96000000000015,369.94000000000017,370.4200000000002,1571
2026-06-30T18:00:00+00:00,370.4200000000002,370.6700000000002,369.84000000000015,370.19000000000017,1333
2026-06-30T18:15:00+00:00,370.19000000000017,370.96000000000015,370.1800000000002,370.33000000000015,1327
2026-06-30T18:30:00+00:00,370.33000000000015,370.4900000000002,369.88000000000017,369.88000000000017,1522
2026-06-30T18:45:00+00:00,369.88000000000017,370.3100000000002,369.35000000000014,370.0500000000002,1645
2026-06-30T19:00:00+00:00,370.0500000000002,370.8700000000002,369.88000000000017,370.82000000000016,1745
2026-06-30T19:15:00+00:00,370.82000000000016,371.39000000000016,370.53000000000014,370.70000000000016,1943
2026-06-30T19:30:00+00:00,370.70000000000016,371.78000000000014,370.59000000000015,371.39000000000016,1809
2026-06-30T19:45:00+00:00,371.39000000000016,373.6700000000002,370.3700000000002,372.3100000000002,4313
2026-07-01T13:30:00+00:00,372.3100000000002,380.34000000000015,372.3100000000002,376.5400000000002,4630
2026-07-01T13:45:00+00:00,376.5400000000002,378.07000000000016,374.4300000000002,377.0400000000002,2960
2026-07-01T14:00:00+00:00,377.0400000000002,380.1100000000002,376.27000000000015,379.41000000000014,2734
2026-07-01T14:15:00+00:00,379.41000000000014,382.7900000000002,379.32000000000016,381.8000000000002,2855
2026-07-01T14:30:00+00:00,381.8000000000002,384.00000000000017,380.89000000000016,383.4200000000002,3027
2026-07-01T14:45:00+00:00,383.4200000000002,384.94000000000017,382.4900000000002,384.78000000000014,3404.3572050328403
2026-07-01T15:00:00+00:00,384.78000000000014,386.48000000000013,384.3200000000001,385.70000000000016,2842
2026-07-01T15:15:00+00:00,385.70000000000016,387.3000000000001,385.53000000000014,386.2400000000001,3167
2026-07-01T15:30:00+00:00,386.2400000000001,386.3800000000001,383.6900000000001,384.08000000000015,2932
2026-07-01T15:45:00+00:00,384.08000000000015,385.5700000000001,383.3200000000001,385.33000000000015,2566
2026-07-01T16:00:00+00:00,385.33000000000015,385.8200000000001,384.96000000000015,385.67000000000013,2252
2026-07-01T16:15:00+00:00,385.67000000000013,385.89000000000016,384.54000000000013,385.09000000000015,2208
2026-07-01T16:30:00+00:00,385.09000000000015,385.79000000000013,384.85000000000014,385.64000000000016,1986
2026-07-01T16:45:00+00:00,385.64000000000016,386.5700000000001,385.16000000000014,385.78000000000014,2193
2026-07-01T17:00:00+00:00,385.78000000000014,386.60000000000014,385.5500000000001,386.1900000000001,2185
2026-07-01T17:15:00+00:00,386.1900000000001,387.6100000000001,386.1800000000001,387.3100000000001,2044
2026-07-01T17:30:00+00:00,387.3100000000001,387.4900000000001,386.0700000000001,386.14000000000016,2035
2026-07-01T17:45:00+00:00,386.14000000000016,387.7500000000001,386.1200000000001,387.1900000000001,2020
2026-07-01T18:00:00+00:00,387.1900000000001,388.33000000000015,387.01000000000016,387.4400000000001,1912
2026-07-01T18:15:00+00:00,387.4400000000001,388.15000000000015,386.60000000000014,387.66000000000014,2190
2026-07-01T18:30:00+00:00,387.66000000000014,387.83000000000015,387.1200000000001,387.1200000000001,1766
2026-07-01T18:45:00+00:00,387.1200000000001,387.29000000000013,386.28000000000014,386.41000000000014,2103
2026-07-01T19:00:00+00:00,386.41000000000014,387.53000000000014,386.08000000000015,386.59000000000015,2269
2026-07-01T19:15:00+00:00,386.59000000000015,386.59000000000015,384.58000000000015,384.64000000000016,2128
2026-07-01T19:30:00+00:00,384.64000000000016,385.1200000000001,384.3000000000001,385.10000000000014,2404
2026-07-01T19:45:00+00:00,385.10000000000014,385.28000000000014,382.3200000000001,383.90000000000015,4059
2026-07-02T13:30:00+00:00,383.90000000000015,386.7500000000001,383.21000000000015,385.3000000000001,2795
2026-07-02T13:45:00+00:00,385.3000000000001,386.16000000000014,384.4300000000001,385.84000000000015,1954
2026-07-02T14:00:00+00:00,385.84000000000015,387.46000000000015,385.42000000000013,387.10000000000014,1543
2026-07-02T14:15:00+00:00,387.10000000000014,389.28000000000014,386.6800000000001,388.1200000000001,2296
2026-07-02T14:30:00+00:00,388.1200000000001,389.92000000000013,387.22000000000014,387.9900000000001,2334
2026-07-02T14:45:00+00:00,387.9900000000001,389.8100000000001,387.76000000000016,389.5100000000001,2239.75374419005
2026-07-02T15:00:00+00:00,389.5100000000001,390.0400000000001,387.0800000000001,388.6500000000001,2344
2026-07-02T15:15:00+00:00,388.6500000000001,389.0400000000001,385.7700000000001,387.1400000000001,1911
2026-07-02T15:30:00+00:00,387.1400000000001,388.3800000000001,387.0900000000001,387.8400000000001,1492
2026-07-02T15:45:00+00:00,387.8400000000001,388.81000000000006,387.61000000000007,388.5300000000001,1594
2026-07-02T16:00:00+00:00,388.5300000000001,389.5400000000001,387.8500000000001,389.5300000000001,1650
2026-07-02T16:15:00+00:00,389.5300000000001,390.4400000000001,388.99000000000007,390.4400000000001,1602
2026-07-02T16:30:00+00:00,390.4400000000001,390.56000000000006,388.8300000000001,390.12000000000006,1757
2026-07-02T16:45:00+00:00,390.12000000000006,390.12000000000006,388.93000000000006,389.8800000000001,1456
2026-07-02T17:00:00+00:00,389.8800000000001,390.37000000000006,388.2500000000001,390.31000000000006,1540
2026-07-02T17:15:00+00:00,390.31000000000006,391.2800000000001,390.11000000000007,391.11000000000007,1468
2026-07-02T17:30:00+00:00,391.11000000000007,391.56000000000006,389.68000000000006,389.99000000000007,1578
2026-07-02T17:45:00+00:00,389.99000000000007,390.3300000000001,389.6000000000001,390.0700000000001,1321
2026-07-02T18:00:00+00:00,390.0700000000001,391.3500000000001,389.61000000000007,390.7600000000001,1446
2026-07-02T18:15:00+00:00,390.7600000000001,390.8800000000001,389.12000000000006,390.43000000000006,1434
2026-07-02T18:30:00+00:00,390.43000000000006,391.05000000000007,389.9500000000001,390.7800000000001,1201
2026-07-02T18:45:00+00:00,390.7800000000001,390.7900000000001,389.61000000000007,390.3400000000001,1170
2026-07-02T19:00:00+00:00,390.3400000000001,391.7000000000001,389.5700000000001,390.68000000000006,1367
2026-07-02T19:15:00+00:00,390.68000000000006,391.36000000000007,390.5200000000001,390.5700000000001,1281
2026-07-02T19:30:00+00:00,390.5700000000001,391.0100000000001,389.7100000000001,390.1300000000001,1404
2026-07-02T19:45:00+00:00,390.1300000000001,390.9600000000001,388.8400000000001,389.12000000000006,3025
2026-07-06T13:30:00+00:00,389.12000000000006,389.12000000000006,380.7200000000001,383.4100000000001,3195
2026-07-06T13:45:00+00:00,383.4100000000001,385.2000000000001,382.7900000000001,384.2300000000001,2362
2026-07-06T14:00:00+00:00,384.2300000000001,384.81000000000006,382.6300000000001,383.1600000000001,2303
2026-07-06T14:15:00+00:00,383.1600000000001,384.1000000000001,382.2600000000001,383.5400000000001,1887
2026-07-06T14:30:00+00:00,383.5400000000001,384.1900000000001,382.0700000000001,383.6400000000001,1969
2026-07-06T14:45:00+00:00,383.6400000000001,384.7100000000001,383.3200000000001,384.7000000000001,1648
2026-07-06T15:00:00+00:00,384.7000000000001,385.6500000000001,384.5100000000001,385.3300000000001,1567
2026-07-06T15:15:00+00:00,385.3300000000001,386.3200000000001,384.7800000000001,386.2300000000001,1615
2026-07-06T15:30:00+00:00,386.2300000000001,386.4800000000001,385.7700000000001,386.0300000000001,1475
2026-07-06T15:45:00+00:00,386.0300000000001,386.3400000000001,385.5100000000001,385.5400000000001,1395
2026-07-06T16:00:00+00:00,385.5400000000001,385.7700000000001,383.81000000000006,384.0300000000001,1553
2026-07-06T16:15:00+00:00,384.0300000000001,384.1600000000001,383.18000000000006,383.4800000000001,1558
2026-07-06T16:30:00+00:00,383.4800000000001,384.3400000000001,383.3400000000001,384.1900000000001,1351
2026-07-06T16:45:00+00:00,384.1900000000001,384.7900000000001,384.1400000000001,384.5400000000001,1207
2026-07-06T17:00:00+00:00,384.5400000000001,385.6500000000001,384.5400000000001,385.2900000000001,1480
2026-07-06T17:15:00+00:00,385.2900000000001,385.6300000000001,384.7900000000001,385.3500000000001,1278
2026-07-06T17:30:00+00:00,385.3500000000001,385.55000000000007,384.62000000000006,384.8200000000001,1401
2026-07-06T17:45:00+00:00,384.8200000000001,384.8200000000001,383.61000000000007,384.18000000000006,1180
2026-07-06T18:00:00+00:00,384.18000000000006,385.2800000000001,383.6400000000001,385.2300000000001,1261
2026-07-06T18:15:00+00:00,385.2300000000001,386.1000000000001,385.1400000000001,385.8200000000001,1083
2026-07-06T18:30:00+00:00,385.8200000000001,386.2500000000001,385.43000000000006,385.5700000000001,896
2026-07-06T18:45:00+00:00,385.5700000000001,386.0000000000001,385.0700000000001,385.2500000000001,948
2026-07-06T19:00:00+00:00,385.2500000000001,385.7500000000001,385.2500000000001,385.6900000000001,1065
2026-07-06T19:15:00+00:00,385.6900000000001,386.0200000000001,385.1900000000001,385.7800000000001,1091
2026-07-06T19:30:00+00:00,385.7800000000001,386.2500000000001,385.4600000000001,386.2000000000001,1211
2026-07-06T19:45:00+00:00,386.2000000000001,386.6900000000001,385.6700000000001,386.24000000000007,2581
2026-07-07T13:30:00+00:00,386.24000000000007,394.1000000000001,386.24000000000007,389.6900000000001,11242
2026-07-07T13:45:00+00:00,389.6900000000001,394.1900000000001,389.30000000000007,392.7800000000001,6533
2026-07-07T14:00:00+00:00,392.7800000000001,392.8200000000001,391.0100000000001,392.43000000000006,5025
2026-07-07T14:15:00+00:00,392.43000000000006,394.99000000000007,391.9100000000001,393.4000000000001,4501
2026-07-07T14:30:00+00:00,393.4000000000001,394.3200000000001,391.86000000000007,393.4200000000001,4829
2026-07-07T14:45:00+00:00,393.4200000000001,393.6900000000001,390.9700000000001,391.36000000000007,4057
2026-07-07T15:00:00+00:00,391.36000000000007,393.55000000000007,391.2600000000001,391.43000000000006,3145
2026-07-07T15:15:00+00:00,391.43000000000006,393.2300000000001,391.36000000000007,392.86000000000007,2997
2026-07-07T15:30:00+00:00,392.86000000000007,393.3300000000001,392.0100000000001,392.74000000000007,2733
2026-07-07T15:45:00+00:00,392.74000000000007,393.6000000000001,392.3400000000001,393.1900000000001,2671
2026-07-07T16:00:00+00:00,393.1900000000001,393.7200000000001,392.5300000000001,392.6900000000001,2415
2026-07-07T16:15:00+00:00,392.6900000000001,393.8200000000001,392.12000000000006,393.5400000000001,2815
2026-07-07T16:30:00+00:00,393.5400000000001,394.3400000000001,393.05000000000007,393.7100000000001,2462
2026-07-07T16:45:00+00:00,393.7100000000001,394.1600000000001,393.4100000000001,393.5100000000001,2163
2026-07-07T17:00:00+00:00,393.5100000000001,393.7700000000001,392.87000000000006,392.9800000000001,2373
2026-07-07T17:15:00+00:00,392.9800000000001,393.3400000000001,392.4700000000001,393.05000000000007,2004
2026-07-07T17:30:00+00:00,393.05000000000007,393.0800000000001,392.2200000000001,392.56000000000006,1783
2026-07-07T17:45:00+00:00,392.56000000000006,392.62000000000006,391.7500000000001,392.2700000000001,1649
2026-07-07T18:00:00+00:00,392.2700000000001,392.86000000000007,392.0300000000001,392.1000000000001,1932
2026-07-07T18:15:00+00:00,392.1000000000001,392.56000000000006,391.2200000000001,391.3500000000001,1653
2026-07-07T18:30:00+00:00,391.3500000000001,391.5200000000001,390.9100000000001,391.2700000000001,1652
2026-07-07T18:45:00+00:00,391.2700000000001,391.3400000000001,390.1600000000001,390.5200000000001,1955
2026-07-07T19:00:00+00:00,390.5200000000001,390.5300000000001,389.3400000000001,389.36000000000007,1974
2026-07-07T19:15:00+00:00,389.36000000000007,389.8500000000001,388.9400000000001,389.0100000000001,2273
2026-07-07T19:30:00+00:00,389.0100000000001,389.62000000000006,388.5200000000001,388.6300000000001,2200
2026-07-07T19:45:00+00:00,388.6300000000001,388.9000000000001,387.7100000000001,388.2800000000001,2757
2026-07-08T13:30:00+00:00,388.2800000000001,388.2800000000001,381.18000000000006,383.8900000000001,6227
2026-07-08T13:45:00+00:00,383.8900000000001,384.1700000000001,381.7800000000001,382.5900000000001,4940
2026-07-08T14:00:00+00:00,382.5900000000001,383.99000000000007,381.8500000000001,381.86000000000007,4626
2026-07-08T14:15:00+00:00,381.86000000000007,382.5800000000001,380.81000000000006,381.7300000000001,4632
2026-07-08T14:30:00+00:00,381.7300000000001,382.56000000000006,381.2300000000001,382.4100000000001,3217
2026-07-08T14:45:00+00:00,382.4100000000001,383.30000000000007,382.0300000000001,382.61000000000007,3208.1536863103647
2026-07-08T15:00:00+00:00,382.61000000000007,382.7900000000001,381.93000000000006,382.2900000000001,2935
2026-07-08T15:15:00+00:00,382.2900000000001,382.62000000000006,381.56000000000006,381.56000000000006,2668
2026-07-08T15:30:00+00:00,381.56000000000006,382.15000000000003,381.1000000000001,381.6700000000001,2928
2026-07-08T15:45:00+00:00,381.6700000000001,382.44000000000005,381.55000000000007,382.21000000000004,1971
2026-07-08T16:00:00+00:00,382.21000000000004,382.4700000000001,381.83000000000004,382.11000000000007,2293
2026-07-08T16:15:00+00:00,382.11000000000007,382.37000000000006,381.55000000000007,381.95000000000005,1745
2026-07-08T16:30:00+00:00,381.95000000000005,382.77000000000004,381.63000000000005,382.21000000000004,2257
2026-07-08T16:45:00+00:00,382.21000000000004,382.4800000000001,381.57000000000005,381.64000000000004,1986
2026-07-08T17:00:00+00:00,381.64000000000004,382.1700000000001,381.09000000000003,381.9800000000001,2020
2026-07-08T17:15:00+00:00,381.9800000000001,383.09000000000003,381.95000000000005,382.96000000000004,1533
2026-07-08T17:30:00+00:00,382.96000000000004,383.20000000000005,382.5400000000001,382.90000000000003,1561
2026-07-08T17:45:00+00:00,382.90000000000003,383.2900000000001,382.71000000000004,382.9700000000001,1604
2026-07-08T18:00:00+00:00,382.9700000000001,383.56000000000006,382.74000000000007,383.34000000000003,1845
2026-07-08T18:15:00+00:00,383.34000000000003,383.55000000000007,382.94000000000005,383.3500000000001,1451
2026-07-08T18:30:00+00:00,383.3500000000001,384.08000000000004,383.06000000000006,383.6700000000001,1609
2026-07-08T18:45:00+00:00,383.6700000000001,383.9800000000001,383.05000000000007,383.4200000000001,1476
2026-07-08T19:00:00+00:00,383.4200000000001,383.45000000000005,382.46000000000004,382.52000000000004,1568
2026-07-08T19:15:00+00:00,382.52000000000004,383.09000000000003,382.18000000000006,382.9800000000001,1350
2026-07-08T19:30:00+00:00,382.9800000000001,383.25000000000006,382.6700000000001,382.96000000000004,1432
2026-07-08T19:45:00+00:00,382.96000000000004,383.26000000000005,382.08000000000004,382.43000000000006,2446
2026-07-09T13:30:00+00:00,382.43000000000006,382.43000000000006,372.89000000000004,377.7200000000001,4045
2026-07-09T13:45:00+00:00,377.7200000000001,378.83000000000004,376.6700000000001,378.0400000000001,3573
2026-07-09T14:00:00+00:00,378.0400000000001,378.26000000000005,375.64000000000004,375.69000000000005,3031
2026-07-09T14:15:00+00:00,375.69000000000005,376.3500000000001,374.65000000000003,376.0400000000001,3121
2026-07-09T14:30:00+00:00,376.0400000000001,377.06000000000006,375.6000000000001,376.57000000000005,2601
2026-07-09T14:45:00+00:00,376.57000000000005,378.44000000000005,376.45000000000005,378.43000000000006,2420
2026-07-09T15:00:00+00:00,378.43000000000006,379.45000000000005,378.2800000000001,378.57000000000005,2574
2026-07-09T15:15:00+00:00,378.57000000000005,379.7900000000001,378.56000000000006,379.57000000000005,2031
2026-07-09T15:30:00+00:00,379.57000000000005,379.94000000000005,379.30000000000007,379.68000000000006,1748
2026-07-09T15:45:00+00:00,379.68000000000006,380.11000000000007,379.4100000000001,379.51000000000005,1502
2026-07-09T16:00:00+00:00,379.51000000000005,379.71000000000004,378.89000000000004,378.96000000000004,1534
2026-07-09T16:15:00+00:00,378.96000000000004,379.4100000000001,378.4700000000001,379.15000000000003,1598
2026-07-09T16:30:00+00:00,379.15000000000003,379.68000000000006,379.0400000000001,379.19000000000005,1423
2026-07-09T16:45:00+00:00,379.19000000000005,379.36000000000007,378.70000000000005,378.93000000000006,1481
2026-07-09T17:00:00+00:00,378.93000000000006,379.43000000000006,378.87000000000006,379.05000000000007,1259
2026-07-09T17:15:00+00:00,379.05000000000007,380.4200000000001,379.0400000000001,380.3500000000001,1483
2026-07-09T17:30:00+00:00,380.3500000000001,380.39000000000004,379.74000000000007,380.11000000000007,1482
2026-07-09T17:45:00+00:00,380.11000000000007,380.27000000000004,379.86000000000007,380.21000000000004,1128
2026-07-09T18:00:00+00:00,380.21000000000004,380.77000000000004,379.9800000000001,380.52000000000004,1393
2026-07-09T18:15:00+00:00,380.52000000000004,380.58000000000004,379.8500000000001,380.19000000000005,1219
2026-07-09T18:30:00+00:00,380.19000000000005,380.4700000000001,380.02000000000004,380.32000000000005,1445
2026-07-09T18:45:00+00:00,380.32000000000005,380.4100000000001,379.95000000000005,380.30000000000007,1270
2026-07-09T19:00:00+00:00,380.30000000000007,381.40000000000003,380.24000000000007,380.95000000000005,1273
2026-07-09T19:15:00+00:00,380.95000000000005,381.9200000000001,380.86000000000007,381.89000000000004,1327
2026-07-09T19:30:00+00:00,381.89000000000004,383.02000000000004,381.89000000000004,382.8500000000001,1834
2026-07-09T19:45:00+00:00,382.8500000000001,384.19000000000005,382.55000000000007,383.84000000000003,2793
2026-07-10T13:30:00+00:00,383.84000000000003,391.36000000000007,383.84000000000003,386.31000000000006,5778
2026-07-10T13:45:00+00:00,386.31000000000006,386.37000000000006,384.26000000000005,384.56000000000006,5721
2026-07-10T14:00:00+00:00,384.56000000000006,385.09000000000003,382.94000000000005,384.49000000000007,4559
2026-07-10T14:15:00+00:00,384.49000000000007,385.39000000000004,383.38000000000005,383.81000000000006,4101
2026-07-10T14:30:00+00:00,383.81000000000006,384.09000000000003,381.43000000000006,382.63000000000005,4779
2026-07-10T14:45:00+00:00,382.63000000000005,382.7200000000001,381.80000000000007,382.02000000000004,2786.531971399387
2026-07-10T15:00:00+00:00,382.02000000000004,382.47,381.02000000000004,381.71000000000004,3113
2026-07-10T15:15:00+00:00,381.71000000000004,382.73,381.53000000000003,382.37,2823
2026-07-10T15:30:00+00:00,382.37,384.22,382.34000000000003,383.42,3087
2026-07-10T15:45:00+00:00,383.42,384.20000000000005,382.99,383.59000000000003,2080
2026-07-10T16:00:00+00:00,383.59000000000003,383.96000000000004,383.08000000000004,383.86,2102
2026-07-10T16:15:00+00:00,383.86,384.54,383.47,384.07,1922
2026-07-10T16:30:00+00:00,384.07,384.76000000000005,383.81,384.33000000000004,1672
2026-07-10T16:45:00+00:00,384.33000000000004,385.25,384.13,385.16,1470
2026-07-10T17:00:00+00:00,385.16,385.26000000000005,384.44,384.73,1330
2026-07-10T17:15:00+00:00,384.73,384.85,383.59000000000003,383.64000000000004,1386
2026-07-10T17:30:00+00:00,383.64000000000004,384.11,382.64000000000004,382.69,1573
2026-07-10T17:45:00+00:00,382.69,383.27000000000004,382.67,383.02000000000004,1036
2026-07-10T18:00:00+00:00,383.02000000000004,383.6,382.95000000000005,383.28000000000003,1223
2026-07-10T18:15:00+00:00,383.28000000000003,384.68,383.22,384.56,1461
2026-07-10T18:30:00+00:00,384.56,385.07,384.46000000000004,384.96000000000004,1116
2026-07-10T18:45:00+00:00,384.96000000000004,384.96000000000004,384.28000000000003,384.5,953
2026-07-10T19:00:00+00:00,384.5,385.14000000000004,384.36,384.89000000000004,1053
2026-07-10T19:15:00+00:00,384.89000000000004,385.03000000000003,384.54,384.58000000000004,1104
2026-07-10T19:30:00+00:00,384.58000000000004,384.87,384.26000000000005,384.34000000000003,1134
2026-07-10T19:45:00+00:00,384.34000000000003,385.23,384.07,384.69,1952
2026-07-13T13:30:00+00:00,384.69,387.9,383.17999999999995,386.23,2584.770233457802
2026-07-13T13:45:00+00:00,386.23,386.23,382.63999999999993,384.11999999999995,2347.360471607949
2026-07-13T14:00:00+00:00,384.11999999999995,384.34,381.11,382.26000000000005,2027.796602069369
2026-07-13T14:15:00+00:00,382.26000000000005,382.85,380.72000000000014,382.1200000000002,2023.694666890101
2026-07-13T14:30:00+00:00,382.1200000000002,382.8000000000002,381.9400000000002,382.47000000000014,1455.32552702784
2026-07-13T14:45:00+00:00,382.47000000000014,386.12000000000006,382.3200000000001,385.9100000000001,1729.841257934208
2026-07-13T15:00:00+00:00,385.9100000000001,391.6100000000001,385.87000000000006,390.76000000000016,1657.7028186115385
2026-07-13T15:15:00+00:00,390.76000000000016,392.1200000000002,390.50000000000017,392.02000000000015,1353
2026-07-13T15:30:00+00:00,392.02000000000015,392.22000000000014,391.50000000000017,391.92000000000013,1344
2026-07-13T15:45:00+00:00,391.92000000000013,392.1200000000002,391.33000000000015,391.50000000000017,1296
2026-07-13T16:00:00+00:00,391.50000000000017,391.94000000000017,391.20000000000016,391.6100000000001,1079
2026-07-13T16:15:00+00:00,391.6100000000001,393.34000000000015,391.60000000000014,393.26000000000016,1671
2026-07-13T16:30:00+00:00,393.26000000000016,394.3000000000001,392.53000000000014,393.53000000000014,1750
2026-07-13T16:45:00+00:00,393.53000000000014,394.20000000000016,393.4300000000002,393.95000000000016,1561
2026-07-13T17:00:00+00:00,393.95000000000016,394.5500000000001,393.35000000000014,393.70000000000016,1342
2026-07-13T17:15:00+00:00,393.70000000000016,394.15000000000015,393.20000000000016,393.50000000000017,1200
2026-07-13T17:30:00+00:00,393.50000000000017,393.72000000000014,393.02000000000015,393.3100000000002,1113
2026-07-13T17:45:00+00:00,393.3100000000002,393.6100000000001,392.3600000000001,392.82000000000016,1223
2026-07-13T18:00:00+00:00,392.82000000000016,393.54000000000013,392.8000000000001,393.26000000000016,1226
2026-07-13T18:15:00+00:00,393.26000000000016,393.50000000000017,392.95000000000016,393.34000000000015,1068
2026-07-13T18:30:00+00:00,393.34000000000015,394.09000000000015,393.03000000000014,393.95000000000016,1197
2026-07-13T18:45:00+00:00,393.95000000000016,394.63000000000017,393.51000000000016,393.90000000000015,1085
2026-07-13T19:00:00+00:00,393.90000000000015,394.14000000000016,392.92000000000013,392.98000000000013,1205
2026-07-13T19:15:00+00:00,392.98000000000013,393.10000000000014,391.22000000000014,391.33000000000015,1133
2026-07-13T19:30:00+00:00,391.33000000000015,391.54000000000013,390.52000000000015,391.51000000000016,1327
2026-07-13T19:45:00+00:00,391.51000000000016,392.63000000000017,390.72000000000014,392.23000000000013,2184
2026-07-14T13:30:00+00:00,392.23000000000013,392.23000000000013,379.54000000000013,383.90000000000015,2311
2026-07-14T13:45:00+00:00,383.90000000000015,386.23000000000013,382.66000000000014,386.22000000000014,2551
2026-07-14T14:00:00+00:00,386.22000000000014,386.53000000000014,383.73000000000013,385.5500000000001,2137
2026-07-14T14:15:00+00:00,385.5500000000001,385.69000000000017,384.00000000000017,385.58000000000015,1792
2026-07-14T14:30:00+00:00,385.58000000000015,387.45000000000016,385.39000000000016,386.88000000000017,1675
2026-07-14T14:45:00+00:00,386.88000000000017,388.67000000000013,386.8600000000001,388.4300000000002,1576
2026-07-14T15:00:00+00:00,388.4300000000002,388.63000000000017,387.00000000000017,387.01000000000016,1444
2026-07-14T15:15:00+00:00,387.01000000000016,387.20000000000016,386.45000000000016,386.7400000000002,1186
2026-07-14T15:30:00+00:00,386.7400000000002,387.16000000000014,385.67000000000013,385.6800000000002,1292
2026-07-14T15:45:00+00:00,385.6800000000002,386.38000000000017,385.32000000000016,385.6200000000002,1245
2026-07-14T16:00:00+00:00,385.6200000000002,386.1100000000001,385.03000000000014,386.09000000000015,1134
2026-07-14T16:15:00+00:00,386.09000000000015,387.60000000000014,385.83000000000015,387.60000000000014,1177
2026-07-14T16:30:00+00:00,387.60000000000014,388.4900000000002,387.33000000000015,387.75000000000017,1138
2026-07-14T16:45:00+00:00,387.75000000000017,388.58000000000015,387.6100000000001,388.51000000000016,956
2026-07-14T17:00:00+00:00,388.51000000000016,389.1200000000002,387.40000000000015,387.4900000000002,1054
2026-07-14T17:15:00+00:00,387.4900000000002,387.83000000000015,387.10000000000014,387.71000000000015,808
2026-07-14T17:30:00+00:00,387.71000000000015,388.3000000000001,387.39000000000016,388.25000000000017,985
2026-07-14T17:45:00+00:00,388.25000000000017,388.38000000000017,387.92000000000013,388.07000000000016,773
2026-07-14T18:00:00+00:00,388.07000000000016,388.59000000000015,387.51000000000016,387.7400000000002,813
2026-07-14T18:15:00+00:00,387.7400000000002,388.19000000000017,387.25000000000017,387.8000000000001,908
2026-07-14T18:30:00+00:00,387.8000000000001,387.9300000000002,387.00000000000017,387.5500000000001,960
2026-07-14T18:45:00+00:00,387.5500000000001,387.59000000000015,386.25000000000017,386.3000000000001,898
2026-07-14T19:00:00+00:00,386.3000000000001,386.8000000000001,385.94000000000017,386.79000000000013,983
2026-07-14T19:15:00+00:00,386.79000000000013,387.33000000000015,386.4900000000002,387.02000000000015,989
2026-07-14T19:30:00+00:00,387.02000000000015,387.09000000000015,385.73000000000013,386.46000000000015,1015
2026-07-14T19:45:00+00:00,386.46000000000015,387.19000000000017,385.7400000000002,386.07000000000016,1784
2026-07-15T13:30:00+00:00,386.07000000000016,392.1800000000002,386.07000000000016,388.3100000000002,2091
2026-07-15T13:45:00+00:00,388.3100000000002,392.39000000000016,387.39000000000016,390.3700000000002,2537
2026-07-15T14:00:00+00:00,390.3700000000002,395.8700000000002,390.3600000000001,395.0600000000002,2926
2026-07-15T14:15:00+00:00,395.0600000000002,398.59000000000015,394.40000000000015,395.94000000000017,3068
2026-07-15T14:30:00+00:00,395.94000000000017,398.72000000000014,395.8600000000001,397.10000000000014,2518
2026-07-15T14:45:00+00:00,397.10000000000014,397.65000000000015,394.59000000000015,394.8900000000002,2092.6015477725964
2026-07-15T15:00:00+00:00,394.8900000000002,397.0500000000002,394.6100000000002,396.6600000000002,1783
2026-07-15T15:15:00+00:00,396.6600000000002,398.8400000000002,396.4800000000002,397.6600000000002,1762
2026-07-15T15:30:00+00:00,397.6600000000002,398.5300000000002,396.6400000000002,398.0300000000002,1421
2026-07-15T15:45:00+00:00,398.0300000000002,398.8100000000002,397.69000000000017,398.2100000000002,1305
2026-07-15T16:00:00+00:00,398.2100000000002,399.8900000000002,397.9800000000002,399.2100000000002,1740
2026-07-15T16:15:00+00:00,399.2100000000002,399.50000000000017,397.9600000000002,398.57000000000016,1281
2026-07-15T16:30:00+00:00,398.57000000000016,398.7100000000002,396.7000000000002,396.9900000000002,1401
2026-07-15T16:45:00+00:00,396.9900000000002,397.1200000000002,395.07000000000016,395.44000000000017,1188
2026-07-15T17:00:00+00:00,395.44000000000017,396.9700000000002,395.26000000000016,396.8400000000002,1021
2026-07-15T17:15:00+00:00,396.8400000000002,397.4300000000002,396.0200000000002,397.3700000000002,1039
2026-07-15T17:30:00+00:00,397.3700000000002,397.82000000000016,396.8100000000002,397.01000000000016,1047
2026-07-15T17:45:00+00:00,397.01000000000016,397.26000000000016,396.1100000000002,397.00000000000017,1203
2026-07-15T18:00:00+00:00,397.00000000000017,397.6000000000002,396.1600000000002,397.4500000000002,1067
2026-07-15T18:15:00+00:00,397.4500000000002,398.0900000000002,396.9500000000002,397.3400000000002,996
2026-07-15T18:30:00+00:00,397.3400000000002,398.0400000000002,397.2900000000002,397.4700000000002,968
2026-07-15T18:45:00+00:00,397.4700000000002,397.51000000000016,396.5600000000002,396.57000000000016,1008
2026-07-15T19:00:00+00:00,396.57000000000016,396.8700000000002,396.1500000000002,396.38000000000017,1022
2026-07-15T19:15:00+00:00,396.38000000000017,396.8400000000002,395.7800000000002,396.4700000000002,1183
2026-07-15T19:30:00+00:00,396.4700000000002,397.3100000000002,395.9600000000002,396.0500000000002,1195
2026-07-15T19:45:00+00:00,396.0500000000002,396.8300000000002,395.5300000000002,396.4700000000002,1797
2026-07-16T13:30:00+00:00,396.4700000000002,399.57000000000016,393.0600000000002,393.0900000000002,2471
2026-07-16T13:45:00+00:00,393.0900000000002,396.4300000000002,392.9600000000002,394.1100000000002,2580
2026-07-16T14:00:00+00:00,394.1100000000002,395.4300000000002,393.57000000000016,395.2000000000002,1877
2026-07-16T14:15:00+00:00,395.2000000000002,397.1500000000002,394.4600000000002,396.9600000000002,1587
2026-07-16T14:30:00+00:00,396.9600000000002,398.6500000000002,396.7700000000002,398.4100000000002,1743
2026-07-16T14:45:00+00:00,398.4100000000002,399.13000000000017,397.4600000000002,398.2300000000002,1585
2026-07-16T15:00:00+00:00,398.2300000000002,399.2100000000002,397.8100000000002,398.4700000000002,1317
2026-07-16T15:15:00+00:00,398.4700000000002,400.5900000000002,398.19000000000017,399.8600000000002,1607
2026-07-16T15:30:00+00:00,399.8600000000002,400.4300000000002,399.1700000000002,399.9900000000002,1132
2026-07-16T15:45:00+00:00,399.9900000000002,401.3900000000002,399.5500000000002,401.3100000000002,1382
2026-07-16T16:00:00+00:00,401.3100000000002,401.5200000000002,400.4600000000002,400.7700000000002,1471
2026-07-16T16:15:00+00:00,400.7700000000002,401.76000000000016,400.7200000000002,401.6700000000002,1269
2026-07-16T16:30:00+00:00,401.6700000000002,402.9300000000002,401.5500000000002,402.4300000000002,1514
2026-07-16T16:45:00+00:00,402.4300000000002,405.3600000000002,402.3900000000002,403.94000000000017,1867
2026-07-16T17:00:00+00:00,403.94000000000017,404.1500000000002,402.2200000000002,402.3900000000002,1450
2026-07-16T17:15:00+00:00,402.3900000000002,404.88000000000017,402.2900000000002,404.6700000000002,1376
2026-07-16T17:30:00+00:00,404.6700000000002,404.9100000000002,402.9600000000002,403.9300000000002,1310
2026-07-16T17:45:00+00:00,403.9300000000002,404.0300000000002,403.01000000000016,403.5400000000002,1248
2026-07-16T18:00:00+00:00,403.5400000000002,405.4900000000002,403.4100000000002,404.82000000000016,1429
2026-07-16T18:15:00+00:00,404.82000000000016,405.6500000000002,404.63000000000017,404.8400000000002,1319
2026-07-16T18:30:00+00:00,404.8400000000002,405.7700000000002,404.51000000000016,405.00000000000017,1596
2026-07-16T18:45:00+00:00,405.00000000000017,406.7000000000002,404.8900000000002,406.4800000000002,1581
2026-07-16T19:00:00+00:00,406.4800000000002,406.88000000000017,403.26000000000016,403.2800000000002,1876
2026-07-16T19:15:00+00:00,403.2800000000002,403.9800000000002,402.6800000000002,402.6800000000002,1568
2026-07-16T19:30:00+00:00,402.6800000000002,402.7100000000002,400.7200000000002,400.9700000000002,1903
2026-07-16T19:45:00+00:00,400.9700000000002,402.2900000000002,399.9600000000002,402.1400000000002,2781
2026-07-17T13:30:00+00:00,402.1400000000002,402.1400000000002,394.2700000000002,396.0500000000002,2488
2026-07-17T13:45:00+00:00,396.0500000000002,396.3500000000002,393.3500000000002,394.2800000000002,2422
2026-07-17T14:00:00+00:00,394.2800000000002,394.7300000000002,392.19000000000017,393.1000000000002,2382
2026-07-17T14:15:00+00:00,393.1000000000002,394.4200000000002,393.0200000000002,393.9000000000002,1659
2026-07-17T14:30:00+00:00,393.9000000000002,394.3700000000002,392.2400000000002,392.4600000000002,1531
2026-07-17T14:45:00+00:00,392.4600000000002,393.25000000000017,391.6400000000002,393.25000000000017,1663.834114245838
2026-07-17T15:00:00+00:00,393.25000000000017,393.3300000000002,391.0600000000002,391.0600000000002,1378
2026-07-17T15:15:00+00:00,391.0600000000002,392.0500000000002,390.32000000000016,391.9500000000002,1733
2026-07-17T15:30:00+00:00,391.9500000000002,393.44000000000017,391.7800000000002,393.1700000000002,1332
2026-07-17T15:45:00+00:00,393.1700000000002,393.6200000000002,392.3500000000002,393.4500000000002,1131
2026-07-17T16:00:00+00:00,393.4500000000002,393.6700000000002,392.0600000000002,392.7200000000002,1282
2026-07-17T16:15:00+00:00,392.7200000000002,393.94000000000017,392.7100000000002,393.4600000000002,1265
2026-07-17T16:30:00+00:00,393.4600000000002,394.8400000000002,393.2000000000002,394.4600000000002,932
2026-07-17T16:45:00+00:00,394.4600000000002,395.7100000000002,394.4600000000002,394.9100000000002,1284
2026-07-17T17:00:00+00:00,394.9100000000002,395.7200000000002,394.9000000000002,395.0800000000002,1240
2026-07-17T17:15:00+00:00,395.0800000000002,395.8600000000002,395.0300000000002,395.5900000000002,1071
2026-07-17T17:30:00+00:00,395.5900000000002,396.3900000000002,395.50000000000017,395.7800000000002,1242
2026-07-17T17:45:00+00:00,395.7800000000002,396.0400000000002,395.4500000000002,395.9300000000002,968
2026-07-17T18:00:00+00:00,395.9300000000002,396.9300000000002,395.4600000000002,396.8100000000002,1236
2026-07-17T18:15:00+00:00,396.8100000000002,396.8900000000002,395.69000000000017,395.7200000000002,1273
2026-07-17T18:30:00+00:00,395.7200000000002,395.9300000000002,395.1100000000002,395.13000000000017,1048
2026-07-17T18:45:00+00:00,395.13000000000017,396.2100000000002,394.82000000000016,396.0300000000002,1207
2026-07-17T19:00:00+00:00,396.0300000000002,396.1500000000002,395.3600000000002,395.7400000000002,1285
2026-07-17T19:15:00+00:00,395.7400000000002,396.5900000000002,395.3900000000002,396.50000000000017,1281
2026-07-17T19:30:00+00:00,396.50000000000017,396.8300000000002,395.4900000000002,395.94000000000017,1958
2026-07-17T19:45:00+00:00,395.94000000000017,396.2200000000002,394.50000000000017,394.7100000000002,3115
2026-07-20T13:30:00+00:00,394.7100000000002,396.4900000000002,393.5800000000002,395.60000000000014,2948.7794306426536
2026-07-20T13:45:00+00:00,395.60000000000014,396.09000000000015,393.83000000000015,394.64000000000016,2256
2026-07-20T14:00:00+00:00,394.64000000000016,396.52000000000015,393.83000000000015,396.42000000000013,1982
2026-07-20T14:15:00+00:00,396.42000000000013,398.84000000000015,396.16000000000014,398.01000000000016,1952
2026-07-20T14:30:00+00:00,398.01000000000016,399.90000000000015,397.83000000000015,399.16000000000014,1699
2026-07-20T14:45:00+00:00,399.16000000000014,400.0600000000001,398.3600000000001,399.64000000000016,1633
2026-07-20T15:00:00+00:00,399.64000000000016,400.5600000000001,399.16000000000014,400.4300000000001,1918
2026-07-20T15:15:00+00:00,400.4300000000001,401.8700000000001,400.20000000000016,401.47000000000014,1958
2026-07-20T15:30:00+00:00,401.47000000000014,402.29000000000013,400.83000000000015,402.27000000000015,1451
2026-07-20T15:45:00+00:00,402.27000000000015,403.0000000000001,401.73000000000013,402.6300000000001,1480
2026-07-20T16:00:00+00:00,402.6300000000001,403.95000000000016,402.54000000000013,403.5000000000001,1233
2026-07-20T16:15:00+00:00,403.5000000000001,405.5600000000001,403.3700000000001,405.26000000000016,1475
2026-07-20T16:30:00+00:00,405.26000000000016,406.8700000000001,405.2400000000001,405.8000000000001,1754
2026-07-20T16:45:00+00:00,405.8000000000001,406.28000000000014,405.1900000000001,405.2400000000001,1467
2026-07-20T17:00:00+00:00,405.2400000000001,405.3000000000001,403.9400000000001,404.4900000000001,1363
2026-07-20T17:15:00+00:00,404.4900000000001,405.89000000000016,404.20000000000016,405.6900000000001,1345
2026-07-20T17:30:00+00:00,405.6900000000001,406.1800000000001,404.57000000000016,404.8000000000001,1272
2026-07-20T17:45:00+00:00,404.8000000000001,405.76000000000016,404.7400000000001,405.53000000000014,1230
2026-07-20T18:00:00+00:00,405.53000000000014,405.77000000000015,405.1900000000001,405.60000000000014,1068
2026-07-20T18:15:00+00:00,405.60000000000014,406.14000000000016,405.1200000000001,405.7400000000001,1267
2026-07-20T18:30:00+00:00,405.7400000000001,406.0500000000001,403.8800000000001,403.89000000000016,1446
2026-07-20T18:45:00+00:00,403.89000000000016,404.66000000000014,403.6100000000001,404.35000000000014,1313
2026-07-20T19:00:00+00:00,404.35000000000014,405.1900000000001,404.1800000000001,404.5600000000001,1149
2026-07-20T19:15:00+00:00,404.5600000000001,405.1300000000001,404.33000000000015,405.0000000000001,1101
2026-07-20T19:30:00+00:00,405.0000000000001,406.34000000000015,404.91000000000014,405.65000000000015,1428
2026-07-20T19:45:00+00:00,405.65000000000015,406.5000000000001,404.4900000000001,406.32000000000016,2599
2026-07-21T13:30:00+00:00,406.32000000000016,406.32000000000016,400.0600000000001,403.6100000000001,2732
2026-07-21T13:45:00+00:00,403.6100000000001,404.2400000000001,402.52000000000015,403.6900000000001,1929
2026-07-21T14:00:00+00:00,403.6900000000001,404.5000000000001,402.64000000000016,403.6800000000001,1788
2026-07-21T14:15:00+00:00,403.6800000000001,405.15000000000015,402.09000000000015,404.84000000000015,1539
2026-07-21T14:30:00+00:00,404.84000000000015,405.08000000000015,403.4300000000001,403.9300000000001,1237
2026-07-21T14:45:00+00:00,403.9300000000001,404.7400000000001,403.01000000000016,403.09000000000015,1165
2026-07-21T15:00:00+00:00,403.09000000000015,403.1100000000001,401.9400000000001,402.3800000000001,1358
2026-07-21T15:15:00+00:00,402.3800000000001,403.02000000000015,401.85000000000014,402.45000000000016,1192
2026-07-21T15:30:00+00:00,402.45000000000016,403.83000000000015,402.35000000000014,403.53000000000014,1192
2026-07-21T15:45:00+00:00,403.53000000000014,403.54000000000013,402.2500000000001,402.39000000000016,826
2026-07-21T16:00:00+00:00,402.39000000000016,402.45000000000016,401.3800000000001,401.45000000000016,966
2026-07-21T16:15:00+00:00,401.45000000000016,402.15000000000015,401.23000000000013,401.85000000000014,1104
2026-07-21T16:30:00+00:00,401.85000000000014,402.54000000000013,401.54000000000013,402.1100000000001,1034
2026-07-21T16:45:00+00:00,402.1100000000001,403.17000000000013,402.09000000000015,402.46000000000015,891
2026-07-21T17:00:00+00:00,402.46000000000015,402.54000000000013,401.83000000000015,402.3800000000001,960
2026-07-21T17:15:00+00:00,402.3800000000001,403.40000000000015,402.03000000000014,403.22000000000014,908
2026-07-21T17:30:00+00:00,403.22000000000014,403.3600000000001,402.4400000000001,402.73000000000013,740
2026-07-21T17:45:00+00:00,402.73000000000013,403.29000000000013,402.35000000000014,403.03000000000014,714
2026-07-21T18:00:00+00:00,403.03000000000014,403.03000000000014,402.08000000000015,402.45000000000016,951
2026-07-21T18:15:00+00:00,402.45000000000016,402.7400000000001,402.15000000000015,402.52000000000015,733
2026-07-21T18:30:00+00:00,402.52000000000015,402.6900000000001,401.83000000000015,402.35000000000014,708
2026-07-21T18:45:00+00:00,402.35000000000014,402.40000000000015,401.78000000000014,402.0000000000001,860
2026-07-21T19:00:00+00:00,402.0000000000001,403.1800000000001,401.8600000000001,402.8700000000001,954
2026-07-21T19:15:00+00:00,402.8700000000001,403.4300000000001,402.67000000000013,403.3000000000001,718
2026-07-21T19:30:00+00:00,403.3000000000001,403.48000000000013,402.34000000000015,402.57000000000016,927
2026-07-21T19:45:00+00:00,402.57000000000016,402.59000000000015,401.04000000000013,401.3100000000001,1760
2026-07-22T13:30:00+00:00,401.3100000000001,404.4400000000001,396.0600000000001,396.28000000000014,2272
2026-07-22T13:45:00+00:00,396.28000000000014,397.15000000000015,394.58000000000015,395.34000000000015,1985
2026-07-22T14:00:00+00:00,395.34000000000015,396.78000000000014,395.27000000000015,395.40000000000015,1729
2026-07-22T14:15:00+00:00,395.40000000000015,395.78000000000014,393.33000000000015,393.4900000000001,1732
2026-07-22T14:30:00+00:00,393.4900000000001,394.1200000000001,392.04000000000013,392.52000000000015,1566
2026-07-22T14:45:00+00:00,392.52000000000015,393.51000000000016,392.08000000000015,393.3700000000001,1504.9094843462246
2026-07-22T15:00:00+00:00,393.3700000000001,393.51000000000016,392.73000000000013,393.1300000000001,1509
2026-07-22T15:15:00+00:00,393.1300000000001,393.89000000000016,392.77000000000015,393.40000000000015,1312
2026-07-22T15:30:00+00:00,393.40000000000015,393.46000000000015,391.91000000000014,392.26000000000016,1406
2026-07-22T15:45:00+00:00,392.26000000000016,393.3100000000001,392.1900000000001,393.26000000000016,1149
2026-07-22T16:00:00+00:00,393.26000000000016,393.33000000000015,392.3600000000001,392.3800000000001,1022
2026-07-22T16:15:00+00:00,392.3800000000001,392.97000000000014,392.03000000000014,392.83000000000015,1319
2026-07-22T16:30:00+00:00,392.83000000000015,392.85000000000014,392.33000000000015,392.5600000000001,978
2026-07-22T16:45:00+00:00,392.5600000000001,393.41000000000014,392.28000000000014,393.2400000000001,1092
2026-07-22T17:00:00+00:00,393.2400000000001,393.2400000000001,392.33000000000015,392.6900000000001,920
2026-07-22T17:15:00+00:00,392.6900000000001,392.71000000000015,390.9900000000001,391.64000000000016,1362
2026-07-22T17:30:00+00:00,391.64000000000016,391.95000000000016,391.42000000000013,391.53000000000014,962
2026-07-22T17:45:00+00:00,391.53000000000014,391.8100000000001,390.9400000000001,390.95000000000016,873
2026-07-22T18:00:00+00:00,390.95000000000016,391.26000000000016,390.78000000000014,390.92000000000013,1072
2026-07-22T18:15:00+00:00,390.92000000000013,392.39000000000016,390.90000000000015,392.28000000000014,1041
2026-07-22T18:30:00+00:00,392.28000000000014,392.5500000000001,391.9400000000001,392.5000000000001,939
2026-07-22T18:45:00+00:00,392.5000000000001,392.6900000000001,392.03000000000014,392.51000000000016,821
2026-07-22T19:00:00+00:00,392.51000000000016,393.58000000000015,392.3800000000001,393.58000000000015,1028
2026-07-22T19:15:00+00:00,393.58000000000015,393.70000000000016,393.01000000000016,393.21000000000015,1290
2026-07-22T19:30:00+00:00,393.21000000000015,393.2500000000001,392.04000000000013,392.5000000000001,1176
2026-07-22T19:45:00+00:00,392.5000000000001,394.66000000000014,392.48000000000013,394.07000000000016,2640
2026-07-23T13:30:00+00:00,394.07000000000016,395.4900000000001,390.9400000000001,391.9300000000001,2159
2026-07-23T13:45:00+00:00,391.9300000000001,393.2500000000001,391.91000000000014,392.0500000000001,2426
2026-07-23T14:00:00+00:00,392.0500000000001,392.6900000000001,387.66000000000014,387.8700000000001,2288
2026-07-23T14:15:00+00:00,387.8700000000001,388.15000000000015,386.73000000000013,387.02000000000015,2092
2026-07-23T14:30:00+00:00,387.02000000000015,387.83000000000015,383.3600000000001,383.54000000000013,1871
2026-07-23T14:45:00+00:00,383.54000000000013,384.26000000000016,382.65000000000015,383.0500000000001,1881
2026-07-23T15:00:00+00:00,383.0500000000001,383.27000000000015,381.1800000000001,382.6900000000001,2279
2026-07-23T15:15:00+00:00,382.6900000000001,383.23000000000013,382.0600000000001,382.3100000000001,1682
2026-07-23T15:30:00+00:00,382.3100000000001,382.98000000000013,381.7400000000001,382.2400000000001,1542
2026-07-23T15:45:00+00:00,382.2400000000001,383.59000000000015,381.70000000000016,383.45000000000016,1473
2026-07-23T16:00:00+00:00,383.45000000000016,384.70000000000016,383.33000000000015,383.92000000000013,1270
2026-07-23T16:15:00+00:00,383.92000000000013,384.92000000000013,383.84000000000015,384.3600000000001,1145
2026-07-23T16:30:00+00:00,384.3600000000001,384.67000000000013,383.91000000000014,384.17000000000013,1137
2026-07-23T16:45:00+00:00,384.17000000000013,385.16000000000014,383.6300000000001,385.07000000000016,1307
2026-07-23T17:00:00+00:00,385.07000000000016,385.89000000000016,384.83000000000015,385.21000000000015,1149
2026-07-23T17:15:00+00:00,385.21000000000015,385.3700000000001,384.70000000000016,385.28000000000014,1019
2026-07-23T17:30:00+00:00,385.28000000000014,385.3600000000001,384.41000000000014,384.6300000000001,1243
2026-07-23T17:45:00+00:00,384.6300000000001,385.3600000000001,384.48000000000013,384.67000000000013,1169
2026-07-23T18:00:00+00:00,384.67000000000013,385.16000000000014,384.53000000000014,384.97000000000014,1160
2026-07-23T18:15:00+00:00,384.97000000000014,385.52000000000015,384.90000000000015,385.3600000000001,1192
2026-07-23T18:30:00+00:00,385.3600000000001,385.6100000000001,384.98000000000013,385.1800000000001,1126
2026-07-23T18:45:00+00:00,385.1800000000001,385.9900000000001,385.1800000000001,385.8000000000001,1216
2026-07-23T19:00:00+00:00,385.8000000000001,385.95000000000016,384.53000000000014,384.6100000000001,1113
2026-07-23T19:15:00+00:00,384.6100000000001,385.3000000000001,384.53000000000014,384.72000000000014,1156
2026-07-23T19:30:00+00:00,384.72000000000014,385.10000000000014,383.9300000000001,383.9400000000001,1240
2026-07-23T19:45:00+00:00,383.9400000000001,386.2400000000001,383.2400000000001,385.5000000000001,2153
2026-07-24T13:30:00+00:00,385.5000000000001,392.6800000000001,384.9400000000001,384.95000000000016,2426
2026-07-24T13:45:00+00:00,384.95000000000016,386.07000000000016,384.4400000000001,385.01000000000016,2719
2026-07-24T14:00:00+00:00,385.01000000000016,386.92000000000013,384.60000000000014,385.45000000000016,1988
2026-07-24T14:15:00+00:00,385.45000000000016,387.17000000000013,385.41000000000014,385.4300000000001,1653
2026-07-24T14:30:00+00:00,385.4300000000001,387.6800000000001,385.41000000000014,386.60000000000014,1659
2026-07-24T14:45:00+00:00,386.60000000000014,388.3000000000001,386.4400000000001,387.98000000000013,1419
2026-07-24T15:00:00+00:00,387.98000000000013,389.1100000000001,387.17000000000013,388.85000000000014,1461
2026-07-24T15:15:00+00:00,388.85000000000014,389.84000000000015,388.07000000000016,388.8600000000001,1556
2026-07-24T15:30:00+00:00,388.8600000000001,389.48000000000013,387.95000000000016,388.22000000000014,1303
2026-07-24T15:45:00+00:00,388.22000000000014,388.27000000000015,387.2500000000001,387.7500000000001,1248
2026-07-24T16:00:00+00:00,387.7500000000001,388.45000000000016,387.6800000000001,388.0500000000001,1135
2026-07-24T16:15:00+00:00,388.0500000000001,389.10000000000014,388.0500000000001,388.95000000000016,1029
2026-07-24T16:30:00+00:00,388.95000000000016,389.0500000000001,388.0500000000001,388.14000000000016,1102
2026-07-24T16:45:00+00:00,388.14000000000016,388.32000000000016,387.6800000000001,387.76000000000016,1154
2026-07-24T17:00:00+00:00,387.76000000000016,388.1100000000001,387.33000000000015,388.09000000000015,1118
2026-07-24T17:15:00+00:00,388.09000000000015,388.16000000000014,387.45000000000016,388.02000000000015,965
2026-07-24T17:30:00+00:00,388.02000000000015,388.48000000000013,387.46000000000015,387.90000000000015,969
2026-07-24T17:45:00+00:00,387.90000000000015,388.73000000000013,387.85000000000014,388.54000000000013,918
2026-07-24T18:00:00+00:00,388.54000000000013,388.76000000000016,388.1800000000001,388.4900000000001,1018
2026-07-24T18:15:00+00:00,388.4900000000001,388.58000000000015,387.7500000000001,387.76000000000016,1209
2026-07-24T18:30:00+00:00,387.76000000000016,388.42000000000013,387.40000000000015,388.27000000000015,1287
2026-07-24T18:45:00+00:00,388.27000000000015,388.7500000000001,388.1300000000001,388.32000000000016,1121
2026-07-24T19:00:00+00:00,388.32000000000016,388.58000000000015,387.67000000000013,388.0500000000001,1283
2026-07-24T19:15:00+00:00,388.0500000000001,388.46000000000015,387.21000000000015,387.22000000000014,1180
2026-07-24T19:30:00+00:00,387.22000000000014,387.6100000000001,386.23000000000013,386.6300000000001,1505
2026-07-24T19:45:00+00:00,386.6300000000001,387.17000000000013,385.07000000000016,385.3100000000001,2284
2026-07-27T13:30:00+00:00,385.3100000000001,396.56,383.5900000000001,395,2701.3405459066103
2026-07-27T13:45:00+00:00,395,397.46000000000004,393.92,396.23,2495
2026-07-27T14:00:00+00:00,396.23,398.44,395.66,397.57,2553
2026-07-27T14:15:00+00:00,397.57,398.17,395.27000000000004,395.28000000000003,2166
2026-07-27T14:30:00+00:00,395.28000000000003,396.02000000000004,394.57,394.76,1976
2026-07-27T14:45:00+00:00,394.76,395.34000000000003,394.35,394.59000000000003,1565
2026-07-27T15:00:00+00:00,394.59000000000003,398.2,394.41,398.07,1642
2026-07-27T15:15:00+00:00,398.07,399.03000000000003,397.56,398.64000000000004,1767
2026-07-27T15:30:00+00:00,398.64000000000004,398.88,396.32,396.52000000000004,1814
2026-07-27T15:45:00+00:00,396.52000000000004,396.68,395.15000000000003,395.15000000000003,1362
2026-07-27T16:00:00+00:00,395.15000000000003,395.93,395.1,395.14000000000004,1216
2026-07-27T16:15:00+00:00,395.14000000000004,396.06,394.55,395.48,1398
2026-07-27T16:30:00+00:00,395.48,397.11,395.38,396.3,1405
2026-07-27T16:45:00+00:00,396.3,396.72,395.90000000000003,396.45,1195
2026-07-27T17:00:00+00:00,396.45,396.92,395.95,396.75,1028
2026-07-27T17:15:00+00:00,396.75,397.37,396.65000000000003,396.67,1099
2026-07-27T17:30:00+00:00,396.67,397.92,396.65000000000003,397.34000000000003,1185
2026-07-27T17:45:00+00:00,397.34000000000003,399.02,396.99,399.02,996.7958025998082
2026-07-27T18:00:00+00:00,399.02,399.31,398.59,398.63999999999993,549.0943984973777
2026-07-27T18:15:00+00:00,398.63999999999993,398.8599999999999,397.69999999999993,397.81999999999994,935
2026-07-27T18:30:00+00:00,397.81999999999994,398.6099999999999,397.69999999999993,398.5299999999999,1031
2026-07-27T18:45:00+00:00,398.5299999999999,399.2699999999999,398.4099999999999,398.68999999999994,1160
2026-07-27T19:00:00+00:00,398.68999999999994,398.68999999999994,397.0499999999999,397.12999999999994,1084
2026-07-27T19:15:00+00:00,397.12999999999994,397.4099999999999,396.3399999999999,396.5199999999999,1074
2026-07-27T19:30:00+00:00,396.5199999999999,396.61999999999995,395.18999999999994,395.19999999999993,1379
2026-07-27T19:45:00+00:00,395.19999999999993,395.25999999999993,393.7799999999999,394.44999999999993,2126
2026-07-28T13:30:00+00:00,394.44999999999993,405.2399999999999,394.44999999999993,399.5199999999999,3592
2026-07-28T13:45:00+00:00,399.5199999999999,400.18999999999994,396.2999999999999,397.2899999999999,2684
2026-07-28T14:00:00+00:00,397.2899999999999,399.5999999999999,397.24999999999994,399.4199999999999,2421
2026-07-28T14:15:00+00:00,399.4199999999999,402.2899999999999,399.19999999999993,400.6099999999999,2392
2026-07-28T14:30:00+00:00,400.6099999999999,401.87999999999994,399.8299999999999,401.7699999999999,2028
2026-07-28T14:45:00+00:00,401.7699999999999,402.81999999999994,401.18999999999994,401.6499999999999,1884
2026-07-28T15:00:00+00:00,401.6499999999999,403.24999999999994,400.99999999999994,403.1599999999999,1697
2026-07-28T15:15:00+00:00,403.1599999999999,405.25999999999993,402.7099999999999,405.0799999999999,1849
2026-07-28T15:30:00+00:00,405.0799999999999,405.4799999999999,403.75999999999993,404.0299999999999,1744
2026-07-28T15:45:00+00:00,404.0299999999999,404.0299999999999,402.1499999999999,402.94999999999993,1356
2026-07-28T16:00:00+00:00,402.94999999999993,403.0199999999999,401.2899999999999,402.7899999999999,1412
2026-07-28T16:15:00+00:00,402.7899999999999,404.00999999999993,402.74999999999994,403.2099999999999,1193
2026-07-28T16:30:00+00:00,403.2099999999999,403.75999999999993,403.18999999999994,403.5799999999999,1057
2026-07-28T16:45:00+00:00,403.5799999999999,404.00999999999993,403.2099999999999,404.00999999999993,1055
2026-07-28T17:00:00+00:00,404.00999999999993,404.06999999999994,402.88999999999993,402.9599999999999,947
2026-07-28T17:15:00+00:00,402.9599999999999,403.44999999999993,402.67999999999995,403.24999999999994,1086
2026-07-28T17:30:00+00:00,403.24999999999994,404.61999999999995,402.9599999999999,404.1599999999999,1019
2026-07-28T17:45:00+00:00,404.1599999999999,404.6699999999999,403.94999999999993,404.30999999999995,1116
2026-07-28T18:00:00+00:00,404.30999999999995,404.36999999999995,402.19999999999993,402.55999999999995,1331
2026-07-28T18:15:00+00:00,402.55999999999995,402.9099999999999,401.94999999999993,402.69999999999993,1119
2026-07-28T18:30:00+00:00,402.69999999999993,402.7999999999999,402.18999999999994,402.38999999999993,1054
2026-07-28T18:45:00+00:00,402.38999999999993,403.1699999999999,401.81999999999994,402.1099999999999,1085
2026-07-28T19:00:00+00:00,402.1099999999999,402.2299999999999,399.36999999999995,399.36999999999995,1083
2026-07-28T19:15:00+00:00,399.36999999999995,399.67999999999995,397.7699999999999,398.0399999999999,1321
2026-07-28T19:30:00+00:00,398.0399999999999,398.62999999999994,397.4899999999999,398.2099999999999,1166
2026-07-28T19:45:00+00:00,398.2099999999999,398.9599999999999,397.68999999999994,398.5899999999999,2300
2026-07-29T13:30:00+00:00,398.5899999999999,399.2999999999999,394.18999999999994,394.8499999999999,4617
2026-07-29T13:45:00+00:00,394.8499999999999,397.8599999999999,393.8499999999999,397.3499999999999,5504
2026-07-29T14:00:00+00:00,397.3499999999999,398.6599999999999,396.3599999999999,396.75999999999993,4487
2026-07-29T14:15:00+00:00,396.75999999999993,398.55999999999995,395.7699999999999,397.4899999999999,3776
2026-07-29T14:30:00+00:00,397.4899999999999,399.5299999999999,397.38999999999993,399.36999999999995,3036
2026-07-29T14:45:00+00:00,399.36999999999995,400.1499999999999,398.55999999999995,399.4299999999999,3126.153966088482
2026-07-29T15:00:00+00:00,399.4299999999999,400.9799999999999,399.0299999999999,400.0499999999999,2711
2026-07-29T15:15:00+00:00,400.0499999999999,400.6499999999999,399.5199999999999,399.8099999999999,2481
2026-07-29T15:30:00+00:00,399.8099999999999,400.1499999999999,399.2199999999999,399.4899999999999,2450
2026-07-29T15:45:00+00:00,399.4899999999999,400.44999999999993,399.4899999999999,399.8599999999999,2368
2026-07-29T16:00:00+00:00,399.8599999999999,400.1199999999999,397.9999999999999,398.4699999999999,2569
2026-07-29T16:15:00+00:00,398.4699999999999,400.8599999999999,398.2199999999999,400.8299999999999,2377
2026-07-29T16:30:00+00:00,400.8299999999999,401.19999999999993,398.9699999999999,399.3699999999999,1904
2026-07-29T16:45:00+00:00,399.3699999999999,400.7999999999999,398.7799999999999,400.4799999999999,2243
2026-07-29T17:00:00+00:00,400.4799999999999,401.2699999999999,400.1699999999999,401.2099999999999,2158
2026-07-29T17:15:00+00:00,401.2099999999999,402.3399999999999,400.6099999999999,401.2699999999999,2513
2026-07-29T17:30:00+00:00,401.2699999999999,401.6199999999999,400.8199999999999,401.4299999999999,1684
2026-07-29T17:45:00+00:00,401.4299999999999,401.9999999999999,400.6199999999999,401.6799999999999,2266
2026-07-29T18:00:00+00:00,401.6799999999999,404.3299999999999,401.3199999999999,402.6899999999999,3527
2026-07-29T18:15:00+00:00,402.6899999999999,403.8499999999999,402.4899999999999,403.7599999999999,2922
2026-07-29T18:30:00+00:00,403.7599999999999,404.5599999999999,403.2099999999999,404.2899999999999,3848
2026-07-29T18:45:00+00:00,404.2899999999999,406.4199999999999,404.1699999999999,404.69999999999993,3786
2026-07-29T19:00:00+00:00,404.69999999999993,404.8199999999999,401.9799999999999,403.0399999999999,3692
2026-07-29T19:15:00+00:00,403.0399999999999,403.44999999999993,400.9799999999999,401.1699999999999,3491
2026-07-29T19:30:00+00:00,401.1699999999999,401.44999999999993,397.5099999999999,397.7099999999999,4351
2026-07-29T19:45:00+00:00,397.7099999999999,398.1599999999999,394.2199999999999,397.2699999999999,6062
2026-07-30T13:30:00+00:00,397.2699999999999,456.3999999999999,397.2699999999999,454.3799999999999,8230
2026-07-30T13:45:00+00:00,454.3799999999999,456.8099999999999,451.3799999999999,455.0599999999999,6223
2026-07-30T14:00:00+00:00,455.0599999999999,456.8499999999999,450.4599999999999,453.4899999999999,4995
2026-07-30T14:15:00+00:00,453.4899999999999,455.6699999999999,450.8399999999999,455.1199999999999,4328
2026-07-30T14:30:00+00:00,455.1199999999999,456.9299999999999,454.4699999999999,456.6499999999999,4017
2026-07-30T14:45:00+00:00,456.6499999999999,457.2899999999999,451.88999999999993,452.3999999999999,3772
2026-07-30T15:00:00+00:00,452.3999999999999,452.3999999999999,449.0899999999999,449.4399999999999,3748
2026-07-30T15:15:00+00:00,449.4399999999999,452.6599999999999,448.7799999999999,449.6299999999999,3055
2026-07-30T15:30:00+00:00,449.6299999999999,454.8099999999999,449.4699999999999,454.5399999999999,2678
2026-07-30T15:45:00+00:00,454.5399999999999,455.6599999999999,454.1199999999999,455.0599999999999,2404
2026-07-30T16:00:00+00:00,455.0599999999999,461.5799999999999,454.8399999999999,460.7099999999999,3372
2026-07-30T16:15:00+00:00,460.7099999999999,461.0399999999999,460.0099999999999,460.4599999999999,2601
2026-07-30T16:30:00+00:00,460.4599999999999,460.5199999999999,458.2099999999999,458.6099999999999,2513
2026-07-30T16:45:00+00:00,458.6099999999999,460.8199999999999,458.3699999999999,460.2999999999999,2280
2026-07-30T17:00:00+00:00,460.2999999999999,461.63999999999993,459.94999999999993,461.0299999999999,2377
2026-07-30T17:15:00+00:00,461.0299999999999,461.3599999999999,460.13999999999993,461.1299999999999,2128
2026-07-30T17:30:00+00:00,461.1299999999999,463.0799999999999,461.0399999999999,461.5899999999999,2376
2026-07-30T17:45:00+00:00,461.5899999999999,462.19999999999993,460.63999999999993,461.1099999999999,1986
2026-07-30T18:00:00+00:00,461.1099999999999,463.8199999999999,460.5599999999999,463.0399999999999,1708
2026-07-30T18:15:00+00:00,463.0399999999999,463.6299999999999,462.5199999999999,463.3499999999999,1840
2026-07-30T18:30:00+00:00,463.3499999999999,463.4399999999999,460.9299999999999,461.0999999999999,2064
2026-07-30T18:45:00+00:00,461.0999999999999,462.0999999999999,460.9599999999999,461.1199999999999,1724
2026-07-30T19:00:00+00:00,461.1199999999999,461.69999999999993,459.7499999999999,460.1199999999999,1930
2026-07-30T19:15:00+00:00,460.1199999999999,462.4599999999999,459.8199999999999,461.9899999999999,2059
2026-07-30T19:30:00+00:00,461.9899999999999,462.1799999999999,460.4099999999999,460.8799999999999,2019
2026-07-30T19:45:00+00:00,460.8799999999999,461.3299999999999,455.5299999999999,456.7999999999999,3885
2026-07-31T13:30:00+00:00,456.7999999999999,465.4899999999999,454.7599999999999,465.0099999999999,4236
2026-07-31T13:45:00+00:00,465.0099999999999,467.9799999999999,460.8399999999999,467.7799999999999,3391
2026-07-31T14:00:00+00:00,467.7799999999999,467.9899999999999,460.9999999999999,462.1199999999999,3267
2026-07-31T14:15:00+00:00,462.1199999999999,462.1499999999999,457.94999999999993,458.2699999999999,2650
2026-07-31T14:30:00+00:00,458.2699999999999,461.1099999999999,457.2099999999999,460.2299999999999,2342
2026-07-31T14:45:00+00:00,460.2299999999999,461.4399999999999,456.7199999999999,457.6299999999999,1835
2026-07-31T15:00:00+00:00,457.6299999999999,460.5899999999999,455.7099999999999,459.8199999999999,1990
2026-07-31T15:15:00+00:00,459.8199999999999,464.1499999999999,459.8199999999999,462.9599999999999,2460
2026-07-31T15:30:00+00:00,462.9599999999999,465.7199999999999,461.63999999999993,464.7799999999999,2149
2026-07-31T15:45:00+00:00,464.7799999999999,468.6899999999999,464.6299999999999,468.3099999999999,2433
2026-07-31T16:00:00+00:00,468.3099999999999,469.4399999999999,466.2299999999999,467.6499999999999,2008
2026-07-31T16:15:00+00:00,467.6499999999999,470.0099999999999,467.3799999999999,468.6899999999999,2040
2026-07-31T16:30:00+00:00,468.6899999999999,469.4199999999999,467.6599999999999,468.6199999999999,1701
2026-07-31T16:45:00+00:00,468.6199999999999,469.3499999999999,466.7099999999999,467.0299999999999,1752
2026-07-31T17:00:00+00:00,467.0299999999999,467.7299999999999,466.2399999999999,467.1099999999999,1640
2026-07-31T17:15:00+00:00,467.1099999999999,468.9799999999999,466.8199999999999,468.7199999999999,1734
2026-07-31T17:30:00+00:00,468.7199999999999,468.9799999999999,466.38999999999993,466.38999999999993,1482
2026-07-31T17:45:00+00:00,466.38999999999993,466.8599999999999,465.3199999999999,465.5499999999999,1640
2026-07-31T18:00:00+00:00,465.5499999999999,467.5899999999999,465.1199999999999,467.4799999999999,1561
2026-07-31T18:15:00+00:00,467.4799999999999,468.3299999999999,466.9999999999999,468.0999999999999,1462
2026-07-31T18:30:00+00:00,468.0999999999999,468.6499999999999,466.88999999999993,467.2499999999999,1510
2026-07-31T18:45:00+00:00,467.2499999999999,467.3999999999999,466.2899999999999,466.2899999999999,1451
2026-07-31T19:00:00+00:00,466.2899999999999,467.8999999999999,466.2899999999999,467.2599999999999,1575
2026-07-31T19:15:00+00:00,467.2599999999999,468.88999999999993,467.2399999999999,467.44999999999993,1761
2026-07-31T19:30:00+00:00,467.44999999999993,468.2999999999999,466.8399999999999,467.9299999999999,1739
2026-07-31T19:45:00+00:00,467.9299999999999,472.0299999999999,467.4299999999999,470.2299999999999,3666
2026-08-03T13:30:00+00:00,470.2299999999999,505.08,470.2299999999999,504.63,4542.8171811127595
2026-08-03T13:45:00+00:00,504.63,506.04,502.22,504.57,6441
2026-08-03T14:00:00+00:00,504.57,506.51,501.43,501.7,5735
2026-08-03T14:15:00+00:00,501.7,502.67,499.95,499.96000000000004,4327
2026-08-03T14:30:00+00:00,499.96000000000004,502.74,499.25,501.53000000000003,4158
2026-08-03T14:45:00+00:00,501.53000000000003,502.05,498.07,499.14,3467
2026-08-03T15:00:00+00:00,499.14,500.1,496.82,497.05,3967
2026-08-03T15:15:00+00:00,497.05,500.85,496.82,500.79,3216
2026-08-03T15:30:00+00:00,500.79,503.48,500.49,502.40000000000003,3678
2026-08-03T15:45:00+00:00,502.40000000000003,503.11,500.78000000000003,501.58,2840
2026-08-03T16:00:00+00:00,501.58,502.72,501.14,502.69,2541
2026-08-03T16:15:00+00:00,502.69,502.99,501.46000000000004,502.66,2569
2026-08-03T16:30:00+00:00,502.66,504.71000000000004,502.39,504.35,2919
2026-08-03T16:45:00+00:00,504.35,504.66,503.22,503.96000000000004,2204
2026-08-03T17:00:00+00:00,503.96000000000004,504.28000000000003,502.85,503.23,2210
2026-08-03T17:15:00+00:00,503.23,505.17,503.05,504.33,2533
2026-08-03T17:30:00+00:00,504.33,504.68,503.33,503.74,2215
2026-08-03T17:45:00+00:00,503.74,504.28000000000003,503.07,503.14,2087
2026-08-03T18:00:00+00:00,503.14,504.91,502.82,504.17,2598
2026-08-03T18:15:00+00:00,504.17,505.97,503.99,505.87,2134
2026-08-03T18:30:00+00:00,505.87,506.44,504.87,506.14,2323
2026-08-03T18:45:00+00:00,506.14,506.79,504.37,504.44,2321
2026-08-03T19:00:00+00:00,504.44,504.83,503.38,503.85,2155
2026-08-03T19:15:00+00:00,503.85,505.62,503.68,505.22,2374
2026-08-03T19:30:00+00:00,505.22,505.47,503.88,504.12,2227
2026-08-03T19:45:00+00:00,504.12,504.68,501.88,503.03000000000003,3784
2026-08-04T13:30:00+00:00,503.03000000000003,503.81,494.66,500.91,3692
2026-08-04T13:45:00+00:00,500.91,506.17,500.91,506.07,3022
2026-08-04T14:00:00+00:00,506.07,509.74,505.76,508.33,2596
2026-08-04T14:15:00+00:00,508.33,510.97,508.27,508.78000000000003,2332
2026-08-04T14:30:00+00:00,508.78000000000003,513.19,508.73,512.01,2731
2026-08-04T14:45:00+00:00,512.01,512.23,510.31999999999994,511.09999999999997,1734
2026-08-04T15:00:00+00:00,511.09999999999997,513.5899999999999,511.0199999999998,511.0199999999998,2108
2026-08-04T15:15:00+00:00,511.0199999999998,514.5499999999998,511.0199999999998,513.6899999999998,1871
2026-08-04T15:30:00+00:00,513.6899999999998,513.9199999999998,511.91999999999985,511.91999999999985,1618
2026-08-04T15:45:00+00:00,511.91999999999985,513.1199999999999,511.51,512.75,1466
2026-08-04T16:00:00+00:00,512.75,512.87,512.04,512.2799999999997,1344
2026-08-04T16:15:00+00:00,512.2799999999997,512.9399999999996,511.11999999999966,511.11999999999966,1549
2026-08-04T16:30:00+00:00,511.11999999999966,511.57999999999964,509.7299999999997,510.17999999999967,1569
2026-08-04T16:45:00+00:00,510.17999999999967,510.57999999999964,509.32999999999964,509.62999999999965,1464
2026-08-04T17:00:00+00:00,509.62999999999965,510.74999999999966,509.4699999999997,510.6099999999997,1437
2026-08-04T17:15:00+00:00,510.6099999999997,511.0899999999997,510.2199999999997,510.48999999999967,1135
2026-08-04T17:30:00+00:00,510.48999999999967,510.92999999999967,509.51999999999964,510.8399999999997,1205
2026-08-04T17:45:00+00:00,510.8399999999997,511.4199999999997,510.61999999999966,510.74999999999966,1221
2026-08-04T18:00:00+00:00,510.74999999999966,512.2799999999997,510.61999999999966,511.98999999999967,1480
2026-08-04T18:15:00+00:00,511.98999999999967,512.7399999999998,511.8499999999997,512.5699999999997,1272
2026-08-04T18:30:00+00:00,512.5699999999997,512.5799999999997,511.1299999999996,511.4399999999996,1274
2026-08-04T18:45:00+00:00,511.4399999999996,512.0699999999996,511.21999999999963,511.3699999999996,1152
2026-08-04T19:00:00+00:00,511.3699999999996,512.9999999999998,511.2299999999996,512.7599999999998,1370
2026-08-04T19:15:00+00:00,512.7599999999998,512.8299999999997,511.7199999999998,512.0199999999998,1344
2026-08-04T19:30:00+00:00,512.0199999999998,512.3099999999997,510.9299999999997,512.1399999999996,1290
2026-08-04T19:45:00+00:00,512.1399999999996,512.3599999999997,507.1499999999997,507.69999999999965,2530
2026-08-05T13:30:00+00:00,507.69999999999965,513.2499999999997,506.76999999999964,507.63999999999965,2719
2026-08-05T13:45:00+00:00,507.63999999999965,507.6599999999997,502.4199999999997,503.49999999999966,2961
2026-08-05T14:00:00+00:00,503.49999999999966,504.6599999999997,502.42999999999967,504.30999999999966,2323
2026-08-05T14:15:00+00:00,504.30999999999966,505.32999999999964,502.9699999999997,504.51999999999964,2033
2026-08-05T14:30:00+00:00,504.51999999999964,506.31999999999965,504.4799999999997,505.98999999999967,2003
2026-08-05T14:45:00+00:00,505.98999999999967,506.5299999999997,505.31999999999965,506.29999999999967,1757
2026-08-05T15:00:00+00:00,506.29999999999967,507.43999999999966,504.55999999999966,505.98999999999967,1493
2026-08-05T15:15:00+00:00,505.98999999999967,507.7299999999997,505.0399999999997,507.6099999999997,1564
2026-08-05T15:30:00+00:00,507.6099999999997,507.64999999999964,504.1699999999997,504.46999999999963,1232
2026-08-05T15:45:00+00:00,504.46999999999963,504.7299999999997,503.0999999999996,503.87999999999965,1470
2026-08-05T16:00:00+00:00,503.87999999999965,504.62999999999965,502.92999999999967,503.51999999999964,1474
2026-08-05T16:15:00+00:00,503.51999999999964,504.94999999999965,502.92999999999967,504.26999999999964,1335
2026-08-05T16:30:00+00:00,504.26999999999964,504.73999999999967,503.55999999999966,504.07999999999964,1128
2026-08-05T16:45:00+00:00,504.07999999999964,504.2299999999997,503.07999999999964,503.54999999999967,1080
2026-08-05T17:00:00+00:00,503.54999999999967,504.23999999999967,502.64999999999964,504.02999999999963,1125
2026-08-05T17:15:00+00:00,504.02999999999963,504.29999999999967,502.88999999999965,503.56999999999965,987
2026-08-05T17:30:00+00:00,503.56999999999965,504.00999999999965,503.14999999999964,503.8499999999996,1289
2026-08-05T17:45:00+00:00,503.8499999999996,504.4099999999996,503.49999999999966,504.01999999999964,1176
2026-08-05T18:00:00+00:00,504.01999999999964,505.3499999999996,500.93999999999966,505.18999999999966,1804
2026-08-05T18:15:00+00:00,505.18999999999966,505.61999999999966,504.5999999999996,505.04999999999967,1080
2026-08-05T18:30:00+00:00,505.04999999999967,505.1599999999996,504.36999999999966,505.1099999999997,1069
2026-08-05T18:45:00+00:00,505.1099999999997,505.64999999999964,504.96999999999963,505.1699999999997,1063
2026-08-05T19:00:00+00:00,505.1699999999997,506.2899999999997,504.73999999999967,506.05999999999966,1201
2026-08-05T19:15:00+00:00,506.05999999999966,506.30999999999966,504.95999999999964,505.06999999999965,1211
2026-08-05T19:30:00+00:00,505.06999999999965,506.1099999999997,504.73999999999967,505.80999999999966,1255
2026-08-05T19:45:00+00:00,505.80999999999966,506.77999999999963,502.30999999999966,502.74999999999966,2638
2026-08-06T13:30:00+00:00,502.74999999999966,510.1099999999997,502.74999999999966,508.21999999999963,3598
2026-08-06T13:45:00+00:00,508.21999999999963,512.3499999999997,506.73999999999967,510.0999999999997,3738
2026-08-06T14:00:00+00:00,510.0999999999997,511.3099999999997,508.8999999999997,509.9999999999997,3574
2026-08-06T14:15:00+00:00,509.9999999999997,513.6899999999996,509.3199999999997,511.6599999999997,3582
2026-08-06T14:30:00+00:00,511.6599999999997,513.1999999999997,510.0499999999997,513.0299999999997,3227
2026-08-06T14:45:00+00:00,513.0299999999997,513.69,511.8499999999998,513.5999999999999,2435
2026-08-06T15:00:00+00:00,513.5999999999999,514.2,511.2999999999999,511.3199999999999,2826
2026-08-06T15:15:00+00:00,511.3199999999999,511.83999999999986,509.84999999999985,511.4799999999999,2744
2026-08-06T15:30:00+00:00,511.4799999999999,511.95999999999987,510.9399999999999,511.0499999999999,2215
2026-08-06T15:45:00+00:00,511.0499999999999,511.6299999999999,509.8599999999999,510.58999999999986,2241
2026-08-06T16:00:00+00:00,510.58999999999986,510.95999999999987,509.64999999999986,510.1399999999999,1928
2026-08-06T16:15:00+00:00,510.1399999999999,510.59999999999985,509.7399999999999,509.95999999999987,1932
2026-08-06T16:30:00+00:00,509.95999999999987,510.2499999999999,508.7999999999999,509.02999999999986,1781
2026-08-06T16:45:00+00:00,509.02999999999986,510.5399999999999,508.8699999999999,510.51999999999987,1581
2026-08-06T17:00:00+00:00,510.51999999999987,511.76999999999987,510.15999999999985,511.6099999999999,1848
2026-08-06T17:15:00+00:00,511.6099999999999,512.3599999999999,511.2999999999999,511.7,1889
2026-08-06T17:30:00+00:00,511.7,512,510.31,511.37,2044
2026-08-06T17:45:00+00:00,511.37,511.73,511.04,511.11,1464
2026-08-06T18:00:00+00:00,511.11,512.6600000000001,510.90999999999997,512.6300000000001,1712
2026-08-06T18:15:00+00:00,512.6300000000001,513.0500000000002,511.81000000000006,512.6200000000002,1874
2026-08-06T18:30:00+00:00,512.6200000000002,512.9100000000002,511.6200000000003,512.0000000000002,1748
2026-08-06T18:45:00+00:00,512.0000000000002,512.5300000000002,511.87000000000023,512.2400000000005,1443
2026-08-06T19:00:00+00:00,512.2400000000005,513.1500000000003,512.1100000000006,513.0100000000004,1415
2026-08-06T19:15:00+00:00,513.0100000000004,514.2800000000004,512.3200000000004,514.0500000000004,1636
2026-08-06T19:30:00+00:00,514.0500000000004,515.1800000000003,514.0200000000004,514.2000000000003,2100
2026-08-06T19:45:00+00:00,514.2000000000003,516.8100000000002,512.6100000000002,515.0900000000001,3811
2026-08-07T13:30:00+00:00,515.0900000000001,520.2,514.3500000000001,518.4799999999999,3046
2026-08-07T13:45:00+00:00,518.4799999999999,520.4199999999998,516.5999999999999,516.9399999999999,2642
2026-08-07T14:00:00+00:00,516.9399999999999,518.3399999999999,516.3100000000001,517.09,2102
2026-08-07T14:15:00+00:00,517.09,519.48,516.8000000000001,519.16,1890
2026-08-07T14:30:00+00:00,519.16,519.6399999999999,517.5,517.9599999999999,1645
2026-08-07T14:45:00+00:00,517.9599999999999,520.0599999999997,517.9599999999999,518.9499999999998,1866
2026-08-07T15:00:00+00:00,518.9499999999998,519.0599999999998,516.7999999999997,517.8399999999995,1738
2026-08-07T15:15:00+00:00,517.8399999999995,518.5599999999995,517.0999999999993,517.1999999999994,1665
2026-08-07T15:30:00+00:00,517.1999999999994,519.2299999999993,517.1199999999994,518.8799999999992,1574
2026-08-07T15:45:00+00:00,518.8799999999992,519.1299999999992,518.1999999999992,518.8399999999989,1331
2026-08-07T16:00:00+00:00,518.8399999999989,519.1099999999989,518.2099999999988,518.6699999999989,1330
2026-08-07T16:15:00+00:00,518.6699999999989,518.9999999999989,517.7999999999988,518.2699999999988,1209
2026-08-07T16:30:00+00:00,518.2699999999988,518.5399999999988,517.359999999999,517.5499999999989,1392
2026-08-07T16:45:00+00:00,517.5499999999989,518.2299999999989,516.109999999999,516.119999999999,1362
2026-08-07T17:00:00+00:00,516.119999999999,516.279999999999,515.359999999999,515.8099999999991,1396
2026-08-07T17:15:00+00:00,515.8099999999991,516.0699999999991,514.0499999999993,515.0099999999993,1515
2026-08-07T17:30:00+00:00,515.0099999999993,515.2299999999993,513.9599999999994,514.8399999999992,1381
2026-08-07T17:45:00+00:00,514.8399999999992,515.9999999999993,514.6999999999991,515.5699999999993,1066
2026-08-07T18:00:00+00:00,515.5699999999993,516.0499999999993,515.2999999999993,515.3499999999992,1052
2026-08-07T18:15:00+00:00,515.3499999999992,515.4699999999992,514.3099999999991,514.8799999999992,1122
2026-08-07T18:30:00+00:00,514.8799999999992,515.0599999999993,514.109999999999,514.169999999999,1003
2026-08-07T18:45:00+00:00,514.169999999999,515.3399999999992,514.169999999999,515.0099999999992,1079
2026-08-07T19:00:00+00:00,515.0099999999992,516.4199999999994,514.9899999999992,516.3599999999993,1061
2026-08-07T19:15:00+00:00,516.3599999999993,517.1799999999993,515.9199999999994,516.4199999999992,1147
2026-08-07T19:30:00+00:00,516.4199999999992,517.0499999999993,516.3099999999993,516.6899999999995,1080
2026-08-07T19:45:00+00:00,516.6899999999995,517.1499999999996,514.8699999999997,515.0999999999996,2026
2026-08-10T13:30:00+00:00,515.0999999999996,527.0499999999995,515.0999999999996,524.8499999999995,2686.4899843727803
2026-08-10T13:45:00+00:00,524.8499999999995,527.4799999999994,524.7199999999995,527.1599999999994,2151
2026-08-10T14:00:00+00:00,527.1599999999994,529.5899999999993,526.9599999999994,529.1999999999994,2311
2026-08-10T14:15:00+00:00,529.1999999999994,532.5899999999995,528.3299999999994,532.1799999999994,2274
2026-08-10T14:30:00+00:00,532.1799999999994,533.5099999999994,530.5199999999996,530.5199999999996,2056
2026-08-10T14:45:00+00:00,530.5199999999996,530.8399999999997,528.2499999999995,528.9399999999996,1753
2026-08-10T15:00:00+00:00,528.9399999999996,530.0299999999996,528.0299999999997,528.7399999999999,1378
2026-08-10T15:15:00+00:00,528.7399999999999,529.65,527.4999999999999,529.27,1323
2026-08-10T15:30:00+00:00,529.27,529.7400000000002,528.6400000000001,529.4600000000003,1144
2026-08-10T15:45:00+00:00,529.4600000000003,530.5100000000002,529.3900000000003,530.5100000000002,1028
2026-08-10T16:00:00+00:00,530.5100000000002,530.9600000000003,530.2000000000003,530.8400000000003,947
2026-08-10T16:15:00+00:00,530.8400000000003,530.8400000000003,529.5800000000005,529.6500000000005,1092
2026-08-10T16:30:00+00:00,529.6500000000005,529.9700000000005,527.5700000000005,527.8100000000004,1304
2026-08-10T16:45:00+00:00,527.8100000000004,528.2000000000005,526.2100000000005,528.0600000000005,1435
2026-08-10T17:00:00+00:00,528.0600000000005,528.8600000000006,526.6400000000006,527.4900000000007,1373
2026-08-10T17:15:00+00:00,527.4900000000007,528.2300000000008,527.3300000000007,528.1400000000008,1041
2026-08-10T17:30:00+00:00,528.1400000000008,528.4200000000008,526.8600000000008,526.8600000000008,864
2026-08-10T17:45:00+00:00,526.8600000000008,526.9200000000008,525.460000000001,525.4800000000009,1102
2026-08-10T18:00:00+00:00,525.4800000000009,525.4800000000009,524.4500000000012,524.630000000001,1217
2026-08-10T18:15:00+00:00,524.630000000001,525.4500000000012,524.380000000001,524.8400000000009,912
2026-08-10T18:30:00+00:00,524.8400000000009,525.670000000001,524.580000000001,525.4900000000009,1034
2026-08-10T18:45:00+00:00,525.4900000000009,526.1700000000012,524.920000000001,526.0600000000011,821
2026-08-10T19:00:00+00:00,526.0600000000011,526.1700000000011,525.0700000000012,525.3900000000012,806
2026-08-10T19:15:00+00:00,525.3900000000012,525.5700000000013,524.090000000001,524.130000000001,884
2026-08-10T19:30:00+00:00,524.130000000001,525.340000000001,524.120000000001,525.1600000000011,1025
2026-08-10T19:45:00+00:00,525.1600000000011,526.7800000000011,523.8300000000011,525.5500000000009,2483
2026-08-11T13:30:00+00:00,525.5500000000009,525.5500000000009,520.9400000000005,521.0900000000006,2780
2026-08-11T13:45:00+00:00,521.0900000000006,521.7500000000006,519.4800000000005,520.9900000000005,2227
2026-08-11T14:00:00+00:00,520.9900000000005,522.2200000000005,520.1900000000005,521.9800000000005,1732
2026-08-11T14:15:00+00:00,521.9800000000005,522.1100000000004,520.0800000000004,521.1500000000003,1557
2026-08-11T14:30:00+00:00,521.1500000000003,522.6700000000004,520.6300000000003,522.4900000000004,1326
2026-08-11T14:45:00+00:00,522.4900000000004,524.1700000000003,522.3400000000004,523.6500000000003,1351
2026-08-11T15:00:00+00:00,523.6500000000003,524.0800000000004,522.1300000000002,522.4000000000001,1512
2026-08-11T15:15:00+00:00,522.4000000000001,523.0300000000001,521.3400000000001,521.3400000000001,1170
2026-08-11T15:30:00+00:00,521.3400000000001,521.5600000000002,520.4100000000001,520.77,1330
2026-08-11T15:45:00+00:00,520.77,521.0699999999999,520.2399999999998,520.8599999999997,847
2026-08-11T16:00:00+00:00,520.8599999999997,522.4799999999998,520.8599999999997,521.8899999999999,904
2026-08-11T16:15:00+00:00,521.8899999999999,522.1599999999999,520.01,520.43,1042
2026-08-11T16:30:00+00:00,520.43,521.5,520.3799999999999,521.2900000000001,842
2026-08-11T16:45:00+00:00,521.2900000000001,522.3500000000001,521.2600000000001,521.8500000000001,1063
2026-08-11T17:00:00+00:00,521.8500000000001,522.5,521.7300000000001,521.7800000000001,970
2026-08-11T17:15:00+00:00,521.7800000000001,522.4900000000001,521.7800000000001,522.4300000000001,986
2026-08-11T17:30:00+00:00,522.4300000000001,523.2800000000001,522.3100000000001,523.1100000000001,931
2026-08-11T17:45:00+00:00,523.1100000000001,523.3900000000001,522.5300000000002,522.6800000000001,771
2026-08-11T18:00:00+00:00,522.6800000000001,522.8800000000001,522.24,522.38,856
2026-08-11T18:15:00+00:00,522.38,522.7200000000001,521.3400000000001,521.5300000000002,830
2026-08-11T18:30:00+00:00,521.5300000000002,522.8900000000001,521.3400000000001,522.69,1049
2026-08-11T18:45:00+00:00,522.69,523.5000000000002,522.6500000000001,522.7400000000002,921
2026-08-11T19:00:00+00:00,522.7400000000002,523.4200000000001,522.0300000000001,522.69,956
2026-08-11T19:15:00+00:00,522.69,523.1700000000001,522.33,522.6400000000001,800
2026-08-11T19:30:00+00:00,522.6400000000001,523.6400000000002,522.3400000000001,523.3900000000003,856
2026-08-11T19:45:00+00:00,523.3900000000003,524.0900000000001,521.3400000000001,523.5700000000002,2008
2026-08-12T13:30:00+00:00,523.5700000000002,523.5700000000002,516.8300000000004,517.5600000000004,2316
2026-08-12T13:45:00+00:00,517.5600000000004,517.7900000000004,512.4400000000003,513.1000000000004,2296
2026-08-12T14:00:00+00:00,513.1000000000004,516.1900000000003,511.78000000000026,515.2400000000004,2182
2026-08-12T14:15:00+00:00,515.2400000000004,516.1500000000003,514.5200000000004,515.5300000000004,1438
2026-08-12T14:30:00+00:00,515.5300000000004,516.2100000000004,513.7600000000003,514.1000000000003,1541
2026-08-12T14:45:00+00:00,514.1000000000003,515.1600000000003,513.6000000000003,514.7400000000004,1244.606135822081
2026-08-12T15:00:00+00:00,514.7400000000004,514.8900000000003,513.1500000000005,513.4700000000005,1162
2026-08-12T15:15:00+00:00,513.4700000000005,513.4900000000005,512.7000000000005,512.8400000000004,1169
2026-08-12T15:30:00+00:00,512.8400000000004,513.2500000000005,511.87000000000023,512.9300000000003,1268
2026-08-12T15:45:00+00:00,512.9300000000003,513.4400000000004,512.4700000000004,512.5400000000004,1050
2026-08-12T16:00:00+00:00,512.5400000000004,512.9600000000005,511.9700000000006,512.7100000000005,1151
2026-08-12T16:15:00+00:00,512.7100000000005,513.8100000000004,512.7100000000005,513.7500000000005,1063
2026-08-12T16:30:00+00:00,513.7500000000005,513.9100000000005,512.9700000000005,513.5200000000007,1013
2026-08-12T16:45:00+00:00,513.5200000000007,514.7200000000006,513.4900000000007,513.9000000000007,963
2026-08-12T17:00:00+00:00,513.9000000000007,513.9900000000007,513.3200000000007,513.5400000000006,866
2026-08-12T17:15:00+00:00,513.5400000000006,513.7300000000007,512.8900000000008,513.0000000000009,1030
2026-08-12T17:30:00+00:00,513.0000000000009,513.3700000000008,512.3400000000008,512.3400000000008,894
2026-08-12T17:45:00+00:00,512.3400000000008,512.5400000000009,511.3200000000008,511.91000000000076,1184
2026-08-12T18:00:00+00:00,511.91000000000076,512.2500000000009,511.5800000000008,511.88000000000085,968
2026-08-12T18:15:00+00:00,511.88000000000085,512.4300000000007,511.64000000000067,511.8800000000007,888
2026-08-12T18:30:00+00:00,511.8800000000007,512.3600000000007,511.62000000000063,512.2500000000007,998
2026-08-12T18:45:00+00:00,512.2500000000007,512.8000000000006,511.91000000000065,512.7200000000007,866
2026-08-12T19:00:00+00:00,512.7200000000007,513.5500000000006,512.3500000000008,512.7800000000009,864
2026-08-12T19:15:00+00:00,512.7800000000009,514.4100000000009,512.630000000001,513.9900000000008,904
2026-08-12T19:30:00+00:00,513.9900000000008,514.2600000000009,512.9900000000007,513.3500000000006,1108
2026-08-12T19:45:00+00:00,513.3500000000006,514.1200000000007,511.82000000000085,512.2600000000009,2164
2026-08-13T13:30:00+00:00,512.2600000000009,518.7100000000007,512.2600000000009,517.6600000000005,2293
2026-08-13T13:45:00+00:00,517.6600000000005,519.7100000000005,517.6600000000005,518.3200000000006,2048
2026-08-13T14:00:00+00:00,518.3200000000006,520.8200000000008,518.1900000000006,519.8300000000008,1773
2026-08-13T14:15:00+00:00,519.8300000000008,520.950000000001,518.0700000000008,518.1800000000007,1485
2026-08-13T14:30:00+00:00,518.1800000000007,519.0800000000008,517.420000000001,517.690000000001,1279
2026-08-13T14:45:00+00:00,517.690000000001,517.7300000000012,516.820000000001,517.2700000000013,1190
2026-08-13T15:00:00+00:00,517.2700000000013,517.4800000000014,515.1200000000013,515.5900000000013,1128
2026-08-13T15:15:00+00:00,515.5900000000013,515.8500000000013,513.2300000000012,513.6700000000012,1434
2026-08-13T15:30:00+00:00,513.6700000000012,515.3900000000015,513.5100000000012,515.1700000000014,1127
2026-08-13T15:45:00+00:00,515.1700000000014,515.6200000000015,514.2500000000018,514.5800000000016,826
2026-08-13T16:00:00+00:00,514.5800000000016,514.7500000000016,513.8200000000015,514.3100000000015,1025
2026-08-13T16:15:00+00:00,514.3100000000015,514.6400000000015,513.5400000000016,514.3000000000014,883
2026-08-13T16:30:00+00:00,514.3000000000014,514.7000000000013,513.7400000000015,514.0800000000015,884
2026-08-13T16:45:00+00:00,514.0800000000015,514.6800000000017,513.9300000000014,514.0700000000018,817
2026-08-13T17:00:00+00:00,514.0700000000018,514.6200000000016,514.0200000000016,514.3400000000017,690
2026-08-13T17:15:00+00:00,514.3400000000017,514.5100000000018,513.8700000000017,514.2100000000019,803
2026-08-13T17:30:00+00:00,514.2100000000019,514.3300000000019,513.2200000000018,513.5000000000018,775
2026-08-13T17:45:00+00:00,513.5000000000018,514.3300000000017,513.3500000000017,513.8300000000017,738
2026-08-13T18:00:00+00:00,513.8300000000017,514.2000000000015,513.5800000000019,514.0900000000015,783
2026-08-13T18:15:00+00:00,514.0900000000015,514.1800000000014,512.8200000000014,512.8700000000014,837
2026-08-13T18:30:00+00:00,512.8700000000014,517.0100000000014,512.8600000000014,516.4300000000014,1378
2026-08-13T18:45:00+00:00,516.4300000000014,516.8100000000014,514.8100000000015,516.5900000000014,1253
2026-08-13T19:00:00+00:00,516.5900000000014,517.3100000000015,515.8300000000015,517.1800000000015,1246
2026-08-13T19:15:00+00:00,517.1800000000015,517.5700000000015,515.4400000000016,516.8100000000015,1168
2026-08-13T19:30:00+00:00,516.8100000000015,518.3200000000015,516.5400000000016,518.3100000000015,988
2026-08-13T19:45:00+00:00,518.3100000000015,518.3100000000015,515.6800000000015,516.8100000000018,1918
2026-08-14T13:30:00+00:00,516.8100000000018,517.190000000002,513.6300000000017,516.000000000002,1987
2026-08-14T13:45:00+00:00,516.000000000002,518.3700000000017,515.8300000000021,518.3100000000018,1714
2026-08-14T14:00:00+00:00,518.3100000000018,518.5500000000017,516.8600000000016,517.7700000000016,1477
2026-08-14T14:15:00+00:00,517.7700000000016,519.8100000000014,516.8600000000015,518.5900000000013,1623
2026-08-14T14:30:00+00:00,518.5900000000013,519.4300000000013,518.3200000000013,518.8000000000013,1353
2026-08-14T14:45:00+00:00,518.8000000000013,519.1800000000014,517.9700000000015,518.1400000000015,1347.3863792708094
2026-08-14T15:00:00+00:00,518.1400000000015,518.4500000000014,517.6700000000014,517.9600000000014,1328
2026-08-14T15:15:00+00:00,517.9600000000014,518.1900000000012,517.0700000000012,517.3300000000012,1218
2026-08-14T15:30:00+00:00,517.3300000000012,518.5600000000012,516.9800000000012,518.5000000000011,1146
2026-08-14T15:45:00+00:00,518.5000000000011,518.9000000000011,517.6000000000012,518.0100000000011,1361
2026-08-14T16:00:00+00:00,518.0100000000011,518.2400000000011,517.140000000001,517.3500000000012,1019
2026-08-14T16:15:00+00:00,517.3500000000012,517.4200000000012,516.4200000000012,517.3000000000011,885
2026-08-14T16:30:00+00:00,517.3000000000011,517.390000000001,516.4200000000008,516.4200000000008,890
2026-08-14T16:45:00+00:00,516.4200000000008,516.6300000000008,516.0000000000008,516.1300000000008,803
2026-08-14T17:00:00+00:00,516.1300000000008,516.4200000000009,515.5900000000006,515.6600000000008,949
2026-08-14T17:15:00+00:00,515.6600000000008,516.0200000000007,515.3200000000006,515.3200000000006,900
2026-08-14T17:30:00+00:00,515.3200000000006,515.6700000000005,515.1800000000006,515.4300000000006,878
2026-08-14T17:45:00+00:00,515.4300000000006,515.9300000000006,515.2100000000006,515.5200000000004,698
2026-08-14T18:00:00+00:00,515.5200000000004,515.7800000000003,515.2200000000004,515.2500000000005,823
2026-08-14T18:15:00+00:00,515.2500000000005,515.8600000000004,515.0400000000004,515.0700000000004,782
2026-08-14T18:30:00+00:00,515.0700000000004,515.2800000000004,514.7700000000004,515.0400000000004,893
2026-08-14T18:45:00+00:00,515.0400000000004,515.4000000000003,514.7800000000004,515.1300000000003,893
2026-08-14T19:00:00+00:00,515.1300000000003,515.4300000000003,514.3300000000002,514.9300000000001,957
2026-08-14T19:15:00+00:00,514.9300000000001,515.04,514.6000000000001,515,884
2026-08-14T19:30:00+00:00,515,515.22,514.3,514.8299999999998,1017
2026-08-14T19:45:00+00:00,514.8299999999998,515.1699999999996,514.1899999999997,514.7599999999995,1616
2026-08-17T13:30:00+00:00,494.57,494.57,485.03,485.11,3628
2026-08-17T13:45:00+00:00,485.11,486.14,483.6,484.23,3307
2026-08-17T14:00:00+00:00,484.23,484.9,483.6,484.06,2593
2026-08-17T14:15:00+00:00,484.06,484.66,481.98,482.05,2591
2026-08-17T14:30:00+00:00,482.05,483.2,481.18,482.38,2505
2026-08-17T14:45:00+00:00,482.38,482.86,481.16,482.65,1901
2026-08-17T15:00:00+00:00,482.65,484.18,482.48,483.9,1739
2026-08-17T15:15:00+00:00,483.9,484.38,483.48,484,1630
2026-08-17T15:30:00+00:00,484,484.55,483.36,484.28,1676
2026-08-17T15:45:00+00:00,484.28,484.71,484.08,484.45,1117
2026-08-17T16:00:00+00:00,484.45,484.55,482.81,483.29,1325
2026-08-17T16:15:00+00:00,483.29,483.51,481.99,482.16,1123
2026-08-17T16:30:00+00:00,482.16,482.28,479.5,479.73,1472
2026-08-17T16:45:00+00:00,479.73,480.13,478.79,479.01,1589
2026-08-17T17:00:00+00:00,479.01,479.57,478.8,479.06,1447
2026-08-17T17:15:00+00:00,479.06,479.41,478.52,478.79,1691
2026-08-17T17:30:00+00:00,478.79,478.86,477.88,478.78,1470
2026-08-17T17:45:00+00:00,478.78,479.22,478.26,478.39,1238
2026-08-17T18:00:00+00:00,478.39,479.25,478.29,478.63,1320
2026-08-17T18:15:00+00:00,478.63,479.45,478.62,478.88,1026
2026-08-17T18:30:00+00:00,478.88,479.28,478.68,479.16,1138
2026-08-17T18:45:00+00:00,479.16,479.75,479.15,479.47,1200
2026-08-17T19:00:00+00:00,479.47,480.73,479.4,480.73,1105
2026-08-17T19:15:00+00:00,480.73,481.19,480.16,480.49,1303
2026-08-17T19:30:00+00:00,480.49,480.57,479.13,479.8,1536
2026-08-17T19:45:00+00:00,479.8,480.27,478.79,480.09,3806
2026-08-18T13:30:00+00:00,480.09,483.51,476.55,482.24,4200
2026-08-18T13:45:00+00:00,482.24,482.76,478.74,479.41,3261
2026-08-18T14:00:00+00:00,479.41,481.08,479.06,480.7,2492
2026-08-18T14:15:00+00:00,480.7,482.39,480.55,480.58,2359
2026-08-18T14:30:00+00:00,480.58,481,479.83,480.57,1650
2026-08-18T14:45:00+00:00,480.57,481.27,479.33,480.82,1708
2026-08-18T15:00:00+00:00,480.82,482.18,480.49,481.05,1980
2026-08-18T15:15:00+00:00,481.05,482.12,480.88,481.28,1746
2026-08-18T15:30:00+00:00,481.28,481.76,480.81,481.16,1668
2026-08-18T15:45:00+00:00,481.16,481.21,479.98,480.99,1065
2026-08-18T16:00:00+00:00,480.99,482.25,480.9,481.95,1029
2026-08-18T16:15:00+00:00,481.95,481.97,480.98,481.37,1103
2026-08-18T16:30:00+00:00,481.37,481.47,480.58,481.18,1105
2026-08-18T16:45:00+00:00,481.18,481.83,480.8,481.64,1048
2026-08-18T17:00:00+00:00,481.64,481.69,480.6,481.09,1118
2026-08-18T17:15:00+00:00,481.09,481.39,480.73,481.15,975
2026-08-18T17:30:00+00:00,481.15,481.79,480.95,481.25,964
2026-08-18T17:45:00+00:00,481.25,481.59,481,481.38,907
2026-08-18T18:00:00+00:00,481.38,481.77,481.05,481.53,1073
2026-08-18T18:15:00+00:00,481.53,482.24,481.17,481.87,1181
2026-08-18T18:30:00+00:00,481.87,482.08,481.12,481.14,1304
2026-08-18T18:45:00+00:00,481.14,482.21,480.77,481.77,1380
2026-08-18T19:00:00+00:00,481.77,483.09,481.77,482.7,1015
2026-08-18T19:15:00+00:00,482.7,483.27,482.3,482.58,1237
2026-08-18T19:30:00+00:00,482.58,483.21,481.5,481.67,1460
2026-08-18T19:45:00+00:00,481.67,481.85,480.21,481.24,3021
2026-08-19T13:30:00+00:00,481.24,483.53,478.49,481.34,3197
2026-08-19T13:45:00+00:00,481.34,482.06,479.61,481.67,3866
2026-08-19T14:00:00+00:00,481.67,483.66,481.48,482.98,3058
2026-08-19T14:15:00+00:00,482.98,484.26,480.65,481.04,2716
2026-08-19T14:30:00+00:00,481.04,482.1,481.03,481.69,2247
2026-08-19T14:45:00+00:00,481.69,503.8499999999995,481.63,503.7799999999995,1967.1807036247335
2026-08-19T15:00:00+00:00,483.59,484.42,483.03,483.69,1736
2026-08-19T15:15:00+00:00,483.69,484.24,483,483.28,1672
2026-08-19T15:30:00+00:00,483.28,485.79,483.02,485.77,1910
2026-08-19T15:45:00+00:00,485.77,488.68,485.64,488.17,2159
2026-08-19T16:00:00+00:00,488.17,488.55,487.54,487.82,1542
2026-08-19T16:15:00+00:00,487.82,487.95,486.21,486.37,1568
2026-08-19T16:30:00+00:00,486.37,486.44,484.98,485.38,1711
2026-08-19T16:45:00+00:00,485.38,485.38,483.36,483.58,1556
2026-08-19T17:00:00+00:00,483.58,484.09,483.53,483.69,1488
2026-08-19T17:15:00+00:00,483.69,483.69,482.3,482.83,1722
2026-08-19T17:30:00+00:00,482.83,483.18,482.3,482.99,1362
2026-08-19T17:45:00+00:00,482.99,483.63,482.68,483.22,1231
2026-08-19T18:00:00+00:00,483.22,484.09,482.9,483.63,1768
2026-08-19T18:15:00+00:00,483.63,483.78,482.9,483.54,1363
2026-08-19T18:30:00+00:00,483.54,484.03,483.19,483.32,1266
2026-08-19T18:45:00+00:00,483.32,483.47,482.74,483.19,1240
2026-08-19T19:00:00+00:00,483.19,484.22,483.18,483.68,1276
2026-08-19T19:15:00+00:00,483.68,484.11,483.06,483.12,1405
2026-08-19T19:30:00+00:00,483.12,483.69,482.48,482.9,1573
2026-08-19T19:45:00+00:00,482.9,484.1,482.38,483.89,3794
2026-08-20T13:30:00+00:00,483.89,483.89,479.16,482.07,3206
2026-08-20T13:45:00+00:00,482.07,483.49,480.28,480.67,3459
2026-08-20T14:00:00+00:00,480.67,482.45,480.38,480.88,2724
2026-08-20T14:15:00+00:00,480.88,482.17,480.77,481.38,2278
2026-08-20T14:30:00+00:00,481.38,482.41,480.38,480.7,1737
2026-08-20T14:45:00+00:00,480.7,481.28,480.38,480.75,1475
2026-08-20T15:00:00+00:00,480.75,481.21,479.53,479.55,1712
2026-08-20T15:15:00+00:00,479.55,480.54,478.98,479.24,1985
2026-08-20T15:30:00+00:00,479.24,480.88,479.23,480.37,1560
2026-08-20T15:45:00+00:00,480.37,481.07,479.96,480.12,1363
2026-08-20T16:00:00+00:00,480.12,480.54,479.53,479.54,1162
2026-08-20T16:15:00+00:00,479.54,480.69,479.38,480.69,1532
2026-08-20T16:30:00+00:00,480.69,483.45,480.06,483.45,1752
2026-08-20T16:45:00+00:00,483.45,483.45,481.06,482.49,1623
2026-08-20T17:00:00+00:00,482.49,482.53,481.14,481.39,1295
2026-08-20T17:15:00+00:00,481.39,481.84,481.3,481.35,1413
2026-08-20T17:30:00+00:00,481.35,481.72,480.77,481.53,1221
2026-08-20T17:45:00+00:00,481.53,481.96,480.71,480.83,1214
2026-08-20T18:00:00+00:00,480.83,480.88,479.82,480.11,1586
2026-08-20T18:15:00+00:00,480.11,481.03,479.96,480.86,1801
2026-08-20T18:30:00+00:00,480.86,481.39,480.55,481.25,1657
2026-08-20T18:45:00+00:00,481.25,481.96,481.21,481.5,1397
2026-08-20T19:00:00+00:00,481.5,481.92,481.05,481.46,1268
2026-08-20T19:15:00+00:00,481.46,481.86,480.98,481.43,1208
2026-08-20T19:30:00+00:00,481.43,481.81,480.85,481.24,1643
2026-08-20T19:45:00+00:00,481.24,481.66,479.54,480.98,2751
2026-08-21T13:30:00+00:00,480.98,483.97,477.99,481.26,2633
2026-08-21T13:45:00+00:00,481.26,481.96,479.98,481.04,2296
2026-08-21T14:00:00+00:00,481.04,484.34,481.04,484.34,2225
2026-08-21T14:15:00+00:00,484.34,484.9,481.48,482.81,1892
2026-08-21T14:30:00+00:00,482.81,483.08,480.48,482.85,1925
2026-08-21T14:45:00+00:00,482.85,504.73999999999955,482.45,504.7099999999995,2100
2026-08-21T15:00:00+00:00,484.52,485.79,483.58,483.69,1540
2026-08-21T15:15:00+00:00,483.69,484.3,482.98,483.3,1383
2026-08-21T15:30:00+00:00,483.3,484.76,483.13,484.62,1281
2026-08-21T15:45:00+00:00,484.62,485.23,484.27,484.79,1524
2026-08-21T16:00:00+00:00,484.79,484.81,483.41,483.78,1300
2026-08-21T16:15:00+00:00,483.78,484.34,483.41,483.72,1236
2026-08-21T16:30:00+00:00,483.72,483.87,482.63,482.95,1084
2026-08-21T16:45:00+00:00,482.95,484.31,482.5,484.13,1215
2026-08-21T17:00:00+00:00,484.13,484.43,483.51,483.66,1537
2026-08-21T17:15:00+00:00,483.66,484.06,483.05,483.58,1198
2026-08-21T17:30:00+00:00,483.58,483.61,481.98,482.29,1262
2026-08-21T17:45:00+00:00,482.29,482.46,480.74,480.81,1117
2026-08-21T18:00:00+00:00,480.81,481.08,480.34,480.8,1134
2026-08-21T18:15:00+00:00,480.8,481.08,480.18,480.66,1210
2026-08-21T18:30:00+00:00,480.66,481.64,480.28,481.52,1187
2026-08-21T18:45:00+00:00,481.52,482.27,481.32,482.23,1256
2026-08-21T19:00:00+00:00,482.23,482.84,482.07,482.8,842
2026-08-21T19:15:00+00:00,482.8,482.93,481.88,482.36,1129
2026-08-21T19:30:00+00:00,482.36,483.48,482.22,483.28,1166
2026-08-21T19:45:00+00:00,483.28,483.79,481.98,482.97,2225
2026-08-24T13:30:00+00:00,482.97,486.33,482.07,483.42,1852
2026-08-24T13:45:00+00:00,483.42,486.3,482.28,486.1,2403
2026-08-24T14:00:00+00:00,486.1,487.3,483.99,485.87,2202
2026-08-24T14:15:00+00:00,485.87,485.99,484.49,484.96,1529
2026-08-24T14:30:00+00:00,484.96,487.63,484.6,486.36,1555
2026-08-24T14:45:00+00:00,486.36,488.18,486.15,487.65,1452
2026-08-24T15:00:00+00:00,487.65,488.93,485.98,487.5,1704
2026-08-24T15:15:00+00:00,487.5,488.97,486.5,488.65,1443
2026-08-24T15:30:00+00:00,488.65,488.85,487.71,488.52,1397
2026-08-24T15:45:00+00:00,488.52,489.32,487.84,488.84,1279
2026-08-24T16:00:00+00:00,488.84,490.02,487.98,488.15,1267
2026-08-24T16:15:00+00:00,488.15,488.61,487.98,488.47,1104
2026-08-24T16:30:00+00:00,488.47,488.79,487.94,488.5,751
2026-08-24T16:45:00+00:00,488.5,488.74,487.96,488.35,1012
2026-08-24T17:00:00+00:00,488.35,488.94,487.17,488.65,1297
2026-08-24T17:15:00+00:00,488.65,488.99,487.8,488.16,1121
2026-08-24T17:30:00+00:00,488.16,488.42,487.15,487.38,1147
2026-08-24T17:45:00+00:00,487.38,487.64,486.78,487.37,1119
2026-08-24T18:00:00+00:00,487.37,487.75,486.73,487.12,1120
2026-08-24T18:15:00+00:00,487.12,488.18,486.8,487.97,1182
2026-08-24T18:30:00+00:00,487.97,488.35,486.93,487.16,1083
2026-08-24T18:45:00+00:00,487.16,487.83,486.97,487.37,1087
2026-08-24T19:00:00+00:00,487.37,487.94,486.76,487.87,869
2026-08-24T19:15:00+00:00,487.87,488.6,487.5,488.2,958
2026-08-24T19:30:00+00:00,488.2,488.55,487.53,487.93,854
2026-08-24T19:45:00+00:00,487.93,488.48,486.4,486.93,1770
2026-08-25T13:30:00+00:00,486.93,488.33,483.68,488.2,2307
2026-08-25T13:45:00+00:00,488.2,489.55,486.12,487.01,1963
2026-08-25T14:00:00+00:00,487.01,487.83,485.08,486.72,1500
2026-08-25T14:15:00+00:00,486.72,487.26,485.49,486.19,1350
2026-08-25T14:30:00+00:00,486.19,487.37,485.62,486.79,1303
2026-08-25T14:45:00+00:00,486.79,489.09,486.58,488.67,1269
2026-08-25T15:00:00+00:00,488.67,489.76,487.69,488.76,1321
2026-08-25T15:15:00+00:00,488.76,489.77,488.08,488.75,1139
2026-08-25T15:30:00+00:00,488.75,489.18,487.84,488.99,1137
2026-08-25T15:45:00+00:00,488.99,489.1,488.05,488.64,1028
2026-08-25T16:00:00+00:00,488.64,489.01,488.33,488.76,860
2026-08-25T16:15:00+00:00,488.76,489.08,488.35,488.91,610
2026-08-25T16:30:00+00:00,488.91,489.31,488.66,488.68,799
2026-08-25T16:45:00+00:00,488.68,489.25,488.04,489.11,862
2026-08-25T17:00:00+00:00,489.11,489.57,488.65,488.94,786
2026-08-25T17:15:00+00:00,488.94,490.12,488.94,489.25,832
2026-08-25T17:30:00+00:00,489.25,489.68,488.65,489.42,896
2026-08-25T17:45:00+00:00,489.42,489.6,489.06,489.13,726
2026-08-25T18:00:00+00:00,489.13,490.99,488.9,489.28,1154
2026-08-25T18:15:00+00:00,489.28,489.54,488.7,489.39,692
2026-08-25T18:30:00+00:00,489.39,489.87,488.67,489.77,835
2026-08-25T18:45:00+00:00,489.77,490.31,489.32,489.96,726
2026-08-25T19:00:00+00:00,489.96,490.16,489.31,489.88,680
2026-08-25T19:15:00+00:00,489.88,489.97,489.43,489.62,775
2026-08-25T19:30:00+00:00,489.62,490.58,489.48,489.64,939
2026-08-25T19:45:00+00:00,489.64,491.88,489.48,490.9,1499
2026-08-26T13:30:00+00:00,490.9,494.53,486.79,494.25,1982
2026-08-26T13:45:00+00:00,494.25,496.47,493.49,494.52,1869
2026-08-26T14:00:00+00:00,494.52,495.19,494.03,494.71,1689
2026-08-26T14:15:00+00:00,494.71,496.1,492.42,493.11,1636
2026-08-26T14:30:00+00:00,493.11,493.83,492.79,493.75,1164
2026-08-26T14:45:00+00:00,493.75,495.09,493.44,494.49,1457
2026-08-26T15:00:00+00:00,494.73,494.95,493.76,494.64,962
2026-08-26T15:15:00+00:00,494.64,495.05,494.12,494.46,948
2026-08-26T15:30:00+00:00,494.46,494.88,493.98,494.65,821
2026-08-26T15:45:00+00:00,494.65,494.99,493.31,493.47,879
2026-08-26T16:00:00+00:00,493.47,494.34,493.3,493.92,905
2026-08-26T16:15:00+00:00,493.92,494.02,493.14,493.32,828
2026-08-26T16:30:00+00:00,493.32,493.83,492.94,493.32,788
2026-08-26T16:45:00+00:00,493.32,493.86,493.22,493.61,806
2026-08-26T17:00:00+00:00,493.61,493.8,493.21,493.55,837
2026-08-26T17:15:00+00:00,493.55,494.2,493.48,494.19,893
2026-08-26T17:30:00+00:00,494.19,494.48,493.72,493.99,697
2026-08-26T17:45:00+00:00,493.99,494.1,492.99,493.83,908
2026-08-26T18:00:00+00:00,493.83,494.24,493.61,493.75,716
2026-08-26T18:15:00+00:00,493.75,494.26,493.66,493.81,846
2026-08-26T18:30:00+00:00,493.81,494.12,493.38,493.69,896
2026-08-26T18:45:00+00:00,493.69,494.38,493.56,494.33,859
2026-08-26T19:00:00+00:00,494.33,495.51,494.21,495.36,770
2026-08-26T19:15:00+00:00,495.36,496.03,495.04,495.53,783
2026-08-26T19:30:00+00:00,495.53,496.2,494.9,496.2,1214
2026-08-26T19:45:00+00:00,496.2,496.83,495.2,495.86,1990
2026-08-27T13:30:00+00:00,495.86,496.3,489.52,494.85,2790
2026-08-27T13:45:00+00:00,494.85,499.36,494.83,498.41,3171
2026-08-27T14:00:00+00:00,498.41,503.56,497.74,503.17,2550
2026-08-27T14:15:00+00:00,503.17,504.75,502.67,504.45,2039
2026-08-27T14:30:00+00:00,504.45,504.8,501.99,503.85,2044
2026-08-27T14:45:00+00:00,503.85,504.44,501.89,502.28,1975
2026-08-27T15:00:00+00:00,502.28,503.2,501.66,502.26,1735
2026-08-27T15:15:00+00:00,502.26,503.08,499.31,499.67,1894
2026-08-27T15:30:00+00:00,499.67,500.08,497.48,498.35,1694
2026-08-27T15:45:00+00:00,498.35,499.24,497.49,498.85,1172
2026-08-27T16:00:00+00:00,498.85,500.49,498.03,500.48,1136
2026-08-27T16:15:00+00:00,500.48,502.01,500.46,501.77,1143
2026-08-27T16:30:00+00:00,501.77,504.15,501.77,503.64,1130
2026-08-27T16:45:00+00:00,503.64,504.03,502.76,503.48,1271
2026-08-27T17:00:00+00:00,503.48,504.09,503.38,503.92,1113
2026-08-27T17:15:00+00:00,503.92,504.15,502.48,502.67,988
2026-08-27T17:30:00+00:00,502.67,505.32,502.65,505.2,1370
2026-08-27T17:45:00+00:00,505.2,505.44,503.19,503.63,1134
2026-08-27T18:00:00+00:00,503.63,503.87,500.82,500.88,1296
2026-08-27T18:15:00+00:00,500.88,502.4,500.8,501.83,1431
2026-08-27T18:30:00+00:00,501.83,502.51,501.43,501.72,1149
2026-08-27T18:45:00+00:00,501.72,504.01,501.64,503.79,1291
2026-08-27T19:00:00+00:00,503.79,504.99,503.68,504.7,1014
2026-08-27T19:15:00+00:00,504.7,505.93,504.48,504.88,1526
2026-08-27T19:30:00+00:00,504.88,505.65,504,504.74,1272
2026-08-27T19:45:00+00:00,504.74,505.18,503.75,504.24,2600
2026-08-28T13:30:00+00:00,504.24,511.26,504.24,511.19,2176
2026-08-28T13:45:00+00:00,511.19,512.52,509.18,509.26,2067
2026-08-28T14:00:00+00:00,509.26,510.5,507.61,507.78,1756
2026-08-28T14:15:00+00:00,507.78,510.73,507.77,510.13,1610
2026-08-28T14:30:00+00:00,510.13,512.01,509.51,511.69,1608
2026-08-28T14:45:00+00:00,511.69,514.69,511.46,513.37,1764
2026-08-28T15:00:00+00:00,514.64,515.67,513.61,514.28,1679
2026-08-28T15:15:00+00:00,514.28,515.19,513.97,514.72,1354
2026-08-28T15:30:00+00:00,514.72,515.32,513.5,513.85,1291
2026-08-28T15:45:00+00:00,513.85,514.77,513.5,513.98,1618
2026-08-28T16:00:00+00:00,513.98,516.59,513.58,516.13,2014
2026-08-28T16:15:00+00:00,516.13,516.41,514.65,515.88,1684
2026-08-28T16:30:00+00:00,515.88,517.24,515.44,516.13,1398
2026-08-28T16:45:00+00:00,516.13,516.92,515.58,516.26,1204
2026-08-28T17:00:00+00:00,516.26,516.93,515.25,516.77,1338
2026-08-28T17:15:00+00:00,516.77,517.15,515.74,516.56,1249
2026-08-28T17:30:00+00:00,516.56,517.05,514.98,514.99,1190
2026-08-28T17:45:00+00:00,514.99,515.89,514.71,515.15,957
2026-08-28T18:00:00+00:00,515.15,515.78,514.16,514.27,983
2026-08-28T18:15:00+00:00,514.27,515.02,513.83,514.05,1002
2026-08-28T18:30:00+00:00,514.05,514.66,513.59,514.4,1264
2026-08-28T18:45:00+00:00,514.4,514.5,513.34,513.36,1326
2026-08-28T19:00:00+00:00,513.36,514.22,512.91,513.84,1259
2026-08-28T19:15:00+00:00,513.84,513.85,512.36,512.74,1227
2026-08-28T19:30:00+00:00,512.74,514.02,512.33,513.31,1272
2026-08-28T19:45:00+00:00,513.31,513.87,511.96,513.13,2134
2026-08-31T13:30:00+00:00,513.13,513.13,506.84,508.69,1779
2026-08-31T13:45:00+00:00,508.69,510.31,507.88,508.37,1998
2026-08-31T14:00:00+00:00,508.37,508.57,506.86,507.51,1478
2026-08-31T14:15:00+00:00,507.51,508.88,506.82,508.73,1278
2026-08-31T14:30:00+00:00,508.73,509.19,508.15,508.74,908
2026-08-31T14:45:00+00:00,508.74,510.39,508.51,510.31,1075
2026-08-31T15:00:00+00:00,510.31,511.56,509.73,510.48,1262
2026-08-31T15:15:00+00:00,510.48,511.3,509.52,510.24,1059
2026-08-31T15:30:00+00:00,510.24,510.73,509.38,510.4,1011
2026-08-31T15:45:00+00:00,510.4,510.5,509.28,509.3,847
2026-08-31T16:00:00+00:00,509.3,510.01,508.58,509.82,881
2026-08-31T16:15:00+00:00,509.82,510.31,509.57,510.03,751
2026-08-31T16:30:00+00:00,510.03,510.37,508.89,510.08,961
2026-08-31T16:45:00+00:00,510.08,511.14,509.93,510.85,874
2026-08-31T17:00:00+00:00,510.85,510.89,510.18,510.58,962
2026-08-31T17:15:00+00:00,510.58,510.94,509.82,510.1,848
2026-08-31T17:30:00+00:00,510.1,510.28,509.48,510.02,887
2026-08-31T17:45:00+00:00,510.02,510.68,509.96,510.43,707
2026-08-31T18:00:00+00:00,510.43,511.23,509.76,511.13,825
2026-08-31T18:15:00+00:00,511.13,511.61,510.26,510.38,761
2026-08-31T18:30:00+00:00,510.38,510.46,509,509.66,850
2026-08-31T18:45:00+00:00,509.66,510.71,509.25,510.51,819
2026-08-31T19:00:00+00:00,510.51,510.83,509.78,510.52,719
2026-08-31T19:15:00+00:00,510.52,510.66,509.29,509.84,823
2026-08-31T19:30:00+00:00,509.84,510.07,508.38,509.32,929
2026-08-31T19:45:00+00:00,509.32,509.77,505.78,506.72,2701
2026-09-01T13:30:00+00:00,506.72,506.72,496.09,502.75,2314
2026-09-01T13:45:00+00:00,502.75,505.34,500.56,501.62,1981
2026-09-01T14:00:00+00:00,501.62,503.89,501.01,503.27,1577
2026-09-01T14:15:00+00:00,503.27,504.24,502.74,503.55,1346
2026-09-01T14:30:00+00:00,503.55,503.89,502.73,502.97,1108
2026-09-01T14:45:00+00:00,502.97,503.1,500.79,500.82,1220
2026-09-01T15:00:00+00:00,500.82,501.3,499.36,499.75,1278
2026-09-01T15:15:00+00:00,499.75,501.07,499.74,500.68,954
2026-09-01T15:30:00+00:00,500.68,500.77,500.08,500.37,823
2026-09-01T15:45:00+00:00,500.37,500.7,499.98,500.29,810
2026-09-01T16:00:00+00:00,500.29,500.51,499.28,499.28,779
2026-09-01T16:15:00+00:00,499.28,500.4,498.88,500.19,1142
2026-09-01T16:30:00+00:00,500.19,500.26,498.78,498.82,1137
2026-09-01T16:45:00+00:00,498.82,500.49,498.48,500.17,886
2026-09-01T17:00:00+00:00,500.17,500.39,499.47,500.2,655
2026-09-01T17:15:00+00:00,500.2,500.62,499.61,500.25,810
2026-09-01T17:30:00+00:00,500.25,501.21,500.25,500.68,843
2026-09-01T17:45:00+00:00,500.68,501.44,500.49,500.89,876
2026-09-01T18:00:00+00:00,500.89,501.26,499.99,499.99,965
2026-09-01T18:15:00+00:00,499.99,500.98,499.84,500.74,943
2026-09-01T18:30:00+00:00,500.74,500.86,499.49,499.84,1035
2026-09-01T18:45:00+00:00,499.84,500.81,499.67,500.31,1071
2026-09-01T19:00:00+00:00,500.31,500.84,500.04,500.4,1090
2026-09-01T19:15:00+00:00,500.4,500.61,500,500.24,946
2026-09-01T19:30:00+00:00,500.24,501.22,499.98,500,1306
2026-09-01T19:45:00+00:00,500,500.87,499.48,500.48,1833
2026-09-02T13:30:00+00:00,500.48,500.48,494.73,495.9,1697
2026-09-02T13:45:00+00:00,495.9,498.76,495.72,497.63,1849
2026-09-02T14:00:00+00:00,497.63,498.44,496.48,498.29,1484
2026-09-02T14:15:00+00:00,498.29,498.34,496.98,497.18,1099
2026-09-02T14:30:00+00:00,497.18,497.4,495.77,497.36,1208
2026-09-02T14:45:00+00:00,497.36,498.23,496.98,497.91,1335
2026-09-02T15:00:00+00:00,497.87,498.15,495.76,496.32,1245
2026-09-02T15:15:00+00:00,496.32,497.42,495.83,496.52,1026
2026-09-02T15:30:00+00:00,496.52,496.64,494.73,494.82,1131
2026-09-02T15:45:00+00:00,494.82,494.83,493.3,494.26,1154
2026-09-02T16:00:00+00:00,494.26,494.65,493.86,493.86,1111
2026-09-02T16:15:00+00:00,493.86,494.06,493.28,493.63,1252
2026-09-02T16:30:00+00:00,493.63,494.42,493.28,494.04,1052
2026-09-02T16:45:00+00:00,494.04,495.72,494.02,495.25,870
2026-09-02T17:00:00+00:00,495.25,496.38,495.18,496.05,897
2026-09-02T17:15:00+00:00,496.05,496.1,495.08,495.81,859
2026-09-02T17:30:00+00:00,495.81,496.48,495.66,496.33,824
2026-09-02T17:45:00+00:00,496.33,497.26,495.7,497.08,872
2026-09-02T18:00:00+00:00,497.08,497.21,495.56,495.64,817
2026-09-02T18:15:00+00:00,495.64,496.35,495.33,495.45,877
2026-09-02T18:30:00+00:00,495.45,495.98,494.52,494.61,764
2026-09-02T18:45:00+00:00,494.61,494.91,494.28,494.63,780
2026-09-02T19:00:00+00:00,494.63,495.86,494.62,495.76,971
2026-09-02T19:15:00+00:00,495.76,496.88,495.67,496.53,709
2026-09-02T19:30:00+00:00,496.53,496.79,495.78,496.7,892
2026-09-02T19:45:00+00:00,496.7,496.94,495.46,496.52,1618
2026-09-03T13:30:00+00:00,496.52,510.89,496.52,509.78,2909
2026-09-03T13:45:00+00:00,509.78,511.87,509.53,511.16,2210
2026-09-03T14:00:00+00:00,511.16,512.2,509.81,512.1,1967
2026-09-03T14:15:00+00:00,512.1,512.35,509.39,509.57,1772
2026-09-03T14:30:00+00:00,509.57,510.83,508.08,508.39,1438
2026-09-03T14:45:00+00:00,508.39,509.34,507.2,508.94,1526
2026-09-03T15:00:00+00:00,508.94,511.72,508.94,511.7,1598
2026-09-03T15:15:00+00:00,511.7,512.69,511.42,512.2,1634
2026-09-03T15:30:00+00:00,512.2,512.72,511.43,512.09,1363
2026-09-03T15:45:00+00:00,512.09,514.32,512.04,514.06,1379
2026-09-03T16:00:00+00:00,514.06,514.42,512.29,513.35,1298
2026-09-03T16:15:00+00:00,513.35,513.36,511.51,511.52,916
2026-09-03T16:30:00+00:00,511.52,511.9,511.33,511.47,924
2026-09-03T16:45:00+00:00,511.47,511.62,510.28,510.49,968
2026-09-03T17:00:00+00:00,510.49,510.6,509.76,510.38,960
2026-09-03T17:15:00+00:00,510.38,510.76,509.13,509.48,1006
2026-09-03T17:30:00+00:00,509.48,509.7,509.09,509.51,957
2026-09-03T17:45:00+00:00,509.51,511.08,509.5,510.46,964
2026-09-03T18:00:00+00:00,510.46,514.64,510.42,514.01,1596
2026-09-03T18:15:00+00:00,514.01,514.99,513.49,514.17,1223
2026-09-03T18:30:00+00:00,514.17,514.21,512.47,512.77,1154
2026-09-03T18:45:00+00:00,512.77,513.02,511.35,511.72,1135
2026-09-03T19:00:00+00:00,511.72,511.97,510.43,510.79,1173
2026-09-03T19:15:00+00:00,510.79,511.62,510.1,510.64,1099
2026-09-03T19:30:00+00:00,510.64,510.8,509.7,509.81,1125
2026-09-03T19:45:00+00:00,509.81,510.66,508.68,509.91,1813
2026-09-04T13:30:00+00:00,509.91,509.91,503.45,504.05,1987
2026-09-04T13:45:00+00:00,504.05,504.32,502.19,503.75,1782
2026-09-04T14:00:00+00:00,503.75,503.89,502.19,502.59,1967
2026-09-04T14:15:00+00:00,502.59,502.93,500.88,501.1,1794
2026-09-04T14:30:00+00:00,501.1,502.16,500.89,501.2,1311
2026-09-04T14:45:00+00:00,501.2,501.97,500.79,501.24,1458
2026-09-04T15:00:00+00:00,501.24,501.33,499.88,499.98,1245
2026-09-04T15:15:00+00:00,499.98,500.57,499.6,500.4,1285
2026-09-04T15:30:00+00:00,500.4,500.4,499.13,500.09,1006
2026-09-04T15:45:00+00:00,500.09,500.57,499.28,500.5,976
2026-09-04T16:00:00+00:00,500.5,500.77,499.95,500.69,792
2026-09-04T16:15:00+00:00,500.69,500.91,500.05,500.53,832
2026-09-04T16:30:00+00:00,500.53,501.19,500.38,500.69,940
2026-09-04T16:45:00+00:00,500.69,500.71,499.78,499.78,949
2026-09-04T17:00:00+00:00,499.78,500.44,499.39,500.44,914
2026-09-04T17:15:00+00:00,500.44,500.57,499.98,500.4,834
2026-09-04T17:30:00+00:00,500.4,500.4,499.51,499.65,799
2026-09-04T17:45:00+00:00,499.65,500.61,499.63,500.1,802
2026-09-04T18:00:00+00:00,500.1,500.31,499.28,499.62,869
2026-09-04T18:15:00+00:00,499.62,499.91,499.23,499.39,981
2026-09-04T18:30:00+00:00,499.39,499.97,499.18,499.97,935
2026-09-04T18:45:00+00:00,499.97,500.26,499.67,500.15,792
2026-09-04T19:00:00+00:00,500.15,500.38,499.33,499.9,654
2026-09-04T19:15:00+00:00,499.9,499.9,499.33,499.52,596
2026-09-04T19:30:00+00:00,499.52,499.52,498.88,499.28,763
2026-09-04T19:45:00+00:00,499.28,499.96,498.64,499.42,1662
2026-09-08T13:30:00+00:00,499.42,499.42,490.76,492.39,3228
2026-09-08T13:45:00+00:00,492.39,493.16,490.67,492.23,3093
2026-09-08T14:00:00+00:00,492.23,492.39,490.62,490.99,2313
2026-09-08T14:15:00+00:00,490.99,492.31,489.63,489.88,2127
2026-09-08T14:30:00+00:00,489.88,491.99,489.71,491.74,2115
2026-09-08T14:45:00+00:00,491.74,492.03,490.98,491.33,1803
2026-09-08T15:00:00+00:00,491.33,493.05,491.31,492.82,1631
2026-09-08T15:15:00+00:00,492.82,493.59,491.83,492.51,1773
2026-09-08T15:30:00+00:00,492.51,492.77,491.99,492.3,1275
2026-09-08T15:45:00+00:00,492.3,492.51,491.99,492.25,1425
2026-09-08T16:00:00+00:00,492.25,492.62,491.68,491.9,1451
2026-09-08T16:15:00+00:00,491.9,492.02,490.58,490.75,1455
2026-09-08T16:30:00+00:00,490.75,491.39,490.61,491.35,1415
2026-09-08T16:45:00+00:00,491.35,491.54,490.61,491.02,1564
2026-09-08T17:00:00+00:00,491.02,492.38,490.94,491.99,1302
2026-09-08T17:15:00+00:00,491.99,492.31,491.28,491.74,911
2026-09-08T17:30:00+00:00,491.74,492.05,491.56,491.73,1173
2026-09-08T17:45:00+00:00,491.73,492.35,491.72,491.97,1017
2026-09-08T18:00:00+00:00,491.97,492.16,491.68,491.74,903
2026-09-08T18:15:00+00:00,491.74,491.95,491.06,491.41,1072
2026-09-08T18:30:00+00:00,491.41,491.41,490.78,491.35,936
2026-09-08T18:45:00+00:00,491.35,491.39,489.6,490.68,1807
2026-09-08T19:00:00+00:00,490.68,491.77,490.59,491.69,1286
2026-09-08T19:15:00+00:00,491.69,492.5,491.48,492.49,1096
2026-09-08T19:30:00+00:00,492.49,493.34,492.25,492.89,1555
2026-09-08T19:45:00+00:00,492.89,493.58,492.28,493.12,2241
